symbol,ex_date,amount,source,checked
SPY,2026-06-18,1.904,yahoo (nasdaq returned none),2026-10-08
SPY,2026-09-18,1.889,yahoo (nasdaq returned none),2026-10-08
QQQ,2026-06-22,0.81349,yahoo+nasdaq,2026-10-08
QQQ,2026-09-21,0.75143,yahoo+nasdaq,2026-10-08
IWM,2026-06-15,0.695,yahoo (nasdaq returned none),2026-10-08
IWM,2026-09-15,0.75,yahoo (nasdaq returned none),2026-10-08
NVDA,2026-06-04,0.25,yahoo+nasdaq,2026-10-08
NVDA,2026-09-10,0.25,yahoo+nasdaq,2026-10-08
AAPL,2026-05-11,0.27,yahoo+nasdaq,2026-10-08
AAPL,2026-08-10,0.27,yahoo+nasdaq,2026-10-08
