date,symbol,spot,expiration,dte,strike,moneyness,option_symbol,bid,ask,mid,iv,delta,gamma,theta,vega,rho,quote_time,volume,put_symbol,put_bid,put_ask,put_mid,put_iv,far_symbol,far_expiration,far_dte,far_strike,far_bid,far_ask,far_mid,far_iv
2026-09-04,SPY,770.22,2026-10-02,28,770.0,0.9997,SPY261002C00770000,9.82,9.86,9.84,0.1011,0.5498,0.0184,-0.1944,0.8444,0.3173,,,,,,,,,,,,,,,
2026-09-04,DIA,534.24,2026-10-02,28,534.0,0.9996,DIA261002C00534000,6.93,7.02,6.975,0.1019,0.5543,0.0262,-0.1358,0.5849,0.2219,,,,,,,,,,,,,,,
2026-09-04,QQQ,717.96,2026-10-02,28,718.0,1.0001,QQQ261002C00718000,13.54,14.03,13.785,0.1611,0.5337,0.0124,-0.2649,0.7905,0.2834,,,,,,,,,,,,,,,
2026-09-04,IWM,295.67,2026-10-02,28,296.0,1.0011,IWM261002C00296000,4.98,5,4.99,0.1449,0.5251,0.0335,-0.0996,0.3261,0.1153,,,,,,,,,,,,,,,
2026-09-04,MDY,691.42,2026-10-16,42,690.0,0.9979,MDY261016C00690000,13.58,16.42,15.0,0.1356,0.565,0.0124,-0.1875,0.9234,0.4323,,,,,,,,,,,,,,,
2026-09-04,GLD,405.665,2026-10-02,28,406.0,1.0008,GLD261002C00406000,11.3,11.53,11.415,0.2456,0.5255,0.0144,-0.2166,0.4473,0.1548,,,,,,,,,,,,,,,
2026-09-04,SLV,59.63,2026-10-02,28,59.5,0.9978,SLV261002C00059500,2.82,2.93,2.875,0.4146,0.5403,0.058,-0.0515,0.0656,0.0225,,,,,,,,,,,,,,,
2026-09-04,TLT,82.24,2026-10-02,28,82.0,0.9971,TLT261002C00082000,1.1,1.16,1.13,0.0967,0.5895,0.1765,-0.0201,0.0886,0.0363,,,,,,,,,,,,,,,
2026-09-04,IEF,92.27,2026-10-02,28,92.5,1.0025,IEF261002C00092500,0.51,0.54,0.525,0.0512,0.505,0.3052,-0.014,0.1019,0.0353,,,,,,,,,,,,,,,
2026-09-04,USO,142.41,2026-10-02,28,142.0,0.9971,USO261002C00142000,6.3,7.11,6.705,0.4032,0.5411,0.025,-0.1198,0.1565,0.0539,,,,,,,,,,,,,,,
2026-09-04,UNG,10.68,2026-10-02,28,10.5,0.9831,UNG261002C00010500,0.54,0.6,0.57,0.3917,0.5937,0.3348,-0.0086,0.0115,0.0044,,,,,,,,,,,,,,,
2026-09-04,FXE,107.13,2026-10-16,42,107.0,0.9988,FXE261016C00107000,0.63,1.27,0.95,0.0423,0.6522,0.2405,-0.0138,0.1343,0.0793,,,,,,,,,,,,,,,
2026-09-04,EEM,68.45,2026-10-02,28,68.5,1.0007,EEM261002C00068500,1.43,1.65,1.54,0.1938,0.5269,0.1083,-0.0296,0.0755,0.0265,,,,,,,,,,,,,,,
2026-09-04,EFA,108.19,2026-10-02,28,108.0,0.9982,EFA261002C00108000,1.6,1.93,1.765,0.1261,0.5593,0.1044,-0.0326,0.1182,0.0451,,,,,,,,,,,,,,,
2026-09-04,XLK,186.99,2026-10-02,28,187.0,1.0001,XLK261002C00187000,4.58,5.4,4.99,0.2288,0.5305,0.0336,-0.0937,0.206,0.0723,,,,,,,,,,,,,,,
2026-09-04,XLF,58.215,2026-10-02,28,58.0,0.9963,XLF261002C00058000,0.98,1.07,1.025,0.1281,0.58,0.1892,-0.0177,0.063,0.0251,,,,,,,,,,,,,,,
2026-09-04,XLE,64.05,2026-10-02,28,64.0,0.9992,XLE261002C00064000,1.57,1.73,1.65,0.2168,0.536,0.1033,-0.0306,0.0705,0.0251,,,,,,,,,,,,,,,
2026-09-04,XLV,171.41,2026-10-02,28,171.0,0.9976,XLV261002C00171000,2.78,3.36,3.07,0.1369,0.5636,0.0606,-0.0552,0.187,0.0718,,,,,,,,,,,,,,,
2026-09-04,XLP,84.725,2026-10-02,28,84.5,0.9973,XLP261002C00084500,1.23,1.46,1.345,0.1181,0.5717,0.1416,-0.0242,0.0921,0.0361,,,,,,,,,,,,,,,
2026-09-04,XLU,43.005,2026-10-02,28,43.0,0.9999,XLU261002C00043000,0.45,0.79,0.62,0.1168,0.5428,0.2851,-0.0122,0.0472,0.0174,,,,,,,,,,,,,,,
2026-09-04,XLI,175.14,2026-10-02,28,175.0,0.9992,XLI261002C00175000,3.19,3.62,3.405,0.1601,0.54,0.0511,-0.0643,0.1925,0.0699,,,,,,,,,,,,,,,
2026-09-04,XLY,114.965,2026-10-02,28,115.0,1.0003,XLY261002C00115000,1.98,2.4,2.19,0.1613,0.5307,0.0774,-0.0424,0.1266,0.0451,,,,,,,,,,,,,,,
2026-09-04,XLB,52.55,2026-10-02,28,52.5,0.999,XLB261002C00052500,0.94,1.03,0.985,0.1522,0.5442,0.179,-0.0185,0.0577,0.0212,,,,,,,,,,,,,,,
2026-09-04,XRT,87.6,2026-10-02,28,87.5,0.9989,XRT261002C00087500,1.61,2.16,1.885,0.1754,0.5442,0.0931,-0.0348,0.0962,0.0351,,,,,,,,,,,,,,,
2026-09-04,AAPL,321.695,2026-10-02,28,320.0,0.9947,AAPL261002C00320000,9.98,10.39,10.185,0.2497,0.56,0.0177,-0.1739,0.3514,0.1304,,,,,,,,,,,,,,,
2026-09-04,MSFT,500.5,2026-10-02,28,500.0,0.999,MSFT261002C00500000,13.92,14.29,14.105,0.2377,0.5365,0.0121,-0.2595,0.5507,0.1952,,,,,,,,,,,,,,,
2026-09-04,GOOGL,338.67,2026-10-02,28,340.0,1.0039,GOOGL261002C00340000,9.77,9.99,9.88,0.2678,0.5101,0.0159,-0.1955,0.3742,0.125,,,,,,,,,,,,,,,
2026-09-04,AMZN,257.71,2026-10-02,28,260.0,1.0089,AMZN261002C00260000,7.48,7.75,7.615,0.2936,0.4862,0.019,-0.1611,0.2846,0.0903,,,,,,,,,,,,,,,
2026-09-04,META,612.16,2026-10-02,28,610.0,0.9965,META261002C00610000,25.36,25.83,25.595,0.3469,0.5482,0.0067,-0.4477,0.6719,0.238,,,,,,,,,,,,,,,
2026-09-04,NVDA,230.505,2026-10-02,28,230.0,0.9978,NVDA261002C00230000,8.83,9.01,8.92,0.3287,0.5395,0.0189,-0.1604,0.2534,0.0885,,,,,,,,,,,,,,,
2026-09-04,TSLA,353.18,2026-10-02,28,355.0,1.0052,TSLA261002C00355000,15.22,15.29,15.255,0.4008,0.514,0.0102,-0.296,0.39,0.1276,,,,,,,,,,,,,,,
2026-09-04,AMD,471.69,2026-10-02,28,470.0,0.9964,AMD261002C00470000,25.95,27.16,26.555,0.4796,0.547,0.0063,-0.467,0.5178,0.1777,,,,,,,,,,,,,,,
2026-09-04,PLTR,174.385,2026-10-02,28,175.0,1.0035,PLTR261002C00175000,8.48,8.61,8.545,0.4457,0.5231,0.0185,-0.1615,0.1924,0.0634,,,,,,,,,,,,,,,
2026-09-04,COIN,184.15,2026-10-02,28,185.0,1.0046,COIN261002C00185000,12.61,13.62,13.115,0.6552,0.5312,0.0119,-0.2458,0.2028,0.0649,,,,,,,,,,,,,,,
2026-09-04,MSTR,142.91,2026-10-02,28,143.0,1.0006,MSTR261002C00143000,11.38,11.59,11.485,0.721,0.5435,0.0139,-0.2087,0.1569,0.0507,,,,,,,,,,,,,,,
2026-09-04,SMCI,39.925,2026-10-02,28,40.0,1.0019,SMCI261002C00040000,3.08,3.15,3.115,0.6983,0.5425,0.0513,-0.0566,0.0439,0.0142,,,,,,,,,,,,,,,
2026-09-04,JNJ,275.525,2026-10-02,28,275.0,0.9981,JNJ261002C00275000,6.98,7.16,7.07,0.2114,0.5428,0.0246,-0.1287,0.3026,0.1093,,,,,,,,,,,,,,,
2026-09-04,PG,146.575,2026-10-02,28,147.0,1.0029,PG261002C00147000,2.73,2.95,2.84,0.1758,0.509,0.0559,-0.0581,0.1619,0.055,,,,,,,,,,,,,,,
2026-09-04,KO,88.02,2026-10-02,28,88.0,0.9998,KO261002C00088000,1.55,1.61,1.58,0.1493,0.5361,0.1092,-0.0304,0.0968,0.035,,,,,,,,,,,,,,,
2026-09-04,PEP,137.91,2026-10-02,28,138.0,1.0007,PEP261002C00138000,2.77,4.019,3.3945,0.2144,0.5246,0.0486,-0.0652,0.1521,0.0529,,,,,,,,,,,,,,,
2026-09-04,WMT,107.19,2026-10-02,28,107.0,0.9982,WMT261002C00107000,2.79,2.85,2.82,0.2167,0.5432,0.0616,-0.0512,0.1178,0.0425,,,,,,,,,,,,,,,
2026-09-04,MCD,257.125,2026-10-02,28,255.0,0.9917,MCD261002C00255000,7.15,7.6,7.375,0.2086,0.5855,0.0262,-0.1178,0.2775,0.1098,,,,,,,,,,,,,,,
2026-09-04,VZ,50.26,2026-10-02,28,50.0,0.9948,VZ261002C00050000,1.27,1.36,1.315,0.2009,0.5662,0.1407,-0.0224,0.0548,0.0208,,,,,,,,,,,,,,,
2026-09-04,JPM,358.8,2026-10-02,28,360.0,1.0033,JPM261002C00360000,7.69,8.27,7.98,0.2038,0.5073,0.0197,-0.1619,0.3964,0.1335,,,,,,,,,,,,,,,
2026-09-04,BAC,62.725,2026-10-02,28,63.0,1.0044,BAC261002C00063000,1.35,1.47,1.41,0.2098,0.5016,0.1094,-0.029,0.0693,0.0231,,,,,,,,,,,,,,,
2026-09-04,GS,1039.6,2026-10-02,28,1040.0,1.0004,GS261002C01040000,34.56,39.05,36.805,0.3109,0.5274,0.0044,-0.6878,1.1457,0.3922,,,,,,,,,,,,,,,
2026-09-04,XOM,159.84,2026-10-02,28,160.0,1.001,XOM261002C00160000,4.93,5.4,5.165,0.2766,0.5333,0.0324,-0.0952,0.1763,0.0615,,,,,,,,,,,,,,,
2026-09-04,CVX,208.485,2026-10-02,28,210.0,1.0073,CVX261002C00210000,5.07,5.38,5.225,0.245,0.4887,0.0282,-0.1106,0.2303,0.0742,,,,,,,,,,,,,,,
2026-09-04,CAT,810.795,2026-10-02,28,810.0,0.999,CAT261002C00810000,31.38,37.1,34.24,0.3669,0.5341,0.0048,-0.6251,0.8924,0.3058,,,,,,,,,,,,,,,
2026-09-04,BA,211.5,2026-10-02,28,210.0,0.9929,BA261002C00210000,7.76,8.189,7.9745,0.296,0.5643,0.0227,-0.1332,0.2306,0.0854,,,,,,,,,,,,,,,
2026-09-04,UNH,396.955,2026-10-02,28,395.0,0.9951,UNH261002C00395000,10.98,12.67,11.825,0.2336,0.5608,0.0154,-0.2022,0.4335,0.1617,,,,,,,,,,,,,,,
2026-09-04,COST,917.19,2026-10-02,28,915.0,0.9976,COST261002C00915000,25.51,28.36,26.935,0.2433,0.543,0.0064,-0.4853,1.0073,0.3613,,,,,,,,,,,,,,,
2026-09-08,SPY,766.81,2026-10-09,31,767.0,1.0002,SPY261009C00767000,11.29,11.53,11.41,0.1149,0.5421,0.0154,-0.2064,0.8866,0.3433,2026-09-08T18:51:01.401898869Z,196,SPY261009P00767000,11.08,11.23,11.155,0.1377,SPY261023C00767000,2026-10-23,45,767.0,14.88,15.01,14.945,0.1228
2026-09-08,DIA,527.95,2026-10-09,31,528.0,1.0001,DIA261009C00528000,7.84,8.47,8.155,0.117,0.5486,0.022,-0.1443,0.6095,0.2392,2026-09-08T18:51:02.266139505Z,7,DIA261009P00528000,7.22,7.66,7.44,0.1362,DIA261023C00528000,2026-10-23,45,528.0,10.08,10.78,10.43,0.1223
2026-09-08,QQQ,719.12,2026-10-09,31,719.0,0.9998,QQQ261009C00719000,16.1,16.41,16.255,0.1796,0.5366,0.0106,-0.2797,0.8326,0.3139,2026-09-08T18:51:04.106062064Z,28,QQQ261009P00719000,14.35,14.45,14.4,0.1868,QQQ261023C00719000,2026-10-23,45,719.0,19.96,20.76,20.36,0.1845
2026-09-08,IWM,295.45,2026-10-09,31,295.0,0.9985,IWM261009C00295000,6.25,6.36,6.305,0.1623,0.5502,0.0283,-0.1055,0.3408,0.1327,2026-09-08T18:51:05.137828633Z,53,IWM261009P00295000,5.65,5.78,5.715,0.1869,IWM261023C00295000,2026-10-23,45,295.0,7.6,7.75,7.675,0.1623
2026-09-08,MDY,689.655,2026-10-16,38,690.0,1.0005,MDY261016C00690000,11.52,14.76,13.14,0.1343,0.5407,0.0133,-0.1938,0.8831,0.3745,2026-09-08T18:49:03.142827705Z,1,MDY261016P00690000,11.27,14.72,12.995,0.1598,,,,,,,,
2026-09-08,GLD,400.39,2026-10-09,31,400.0,0.999,GLD261009C00400000,12.22,12.81,12.515,0.2508,0.5377,0.0136,-0.2085,0.4634,0.1722,2026-09-08T18:51:06.645276954Z,2,GLD261009P00400000,10.53,10.95,10.74,0.2491,GLD261023C00400000,2026-10-23,45,400.0,14.66,15.36,15.01,0.2474
2026-09-08,SLV,59.46,2026-10-09,31,59.5,1.0007,SLV261009C00059500,2.97,3.07,3.02,0.4266,0.533,0.0538,-0.0504,0.0689,0.0243,2026-09-08T18:51:08.171084402Z,9,SLV261009P00059500,2.87,2.89,2.88,0.4283,SLV261023C00059500,2026-10-23,45,59.5,3.64,3.87,3.755,0.4375
2026-09-08,TLT,81.98,2026-10-09,31,82.0,1.0002,TLT261009C00082000,1.07,1.1,1.085,0.1007,0.5463,0.1648,-0.0199,0.0947,0.0371,2026-09-08T18:51:09.134345311Z,15,TLT261009P00082000,1.07,1.09,1.08,0.1259,TLT261023C00082000,2026-10-23,45,82.0,1.28,1.31,1.295,0.0962
2026-09-08,IEF,92.08,2026-10-09,31,92.0,0.9991,IEF261009C00092000,0.65,0.69,0.67,0.0431,0.6284,0.3267,-0.013,0.1015,0.0486,2026-09-08T18:51:07.21190014Z,,IEF261009P00092000,0.54,0.58,0.56,0.0684,IEF261023C00092000,2026-10-23,45,92.0,0.84,0.89,0.865,0.0447
2026-09-08,USO,145.19,2026-10-09,31,145.0,0.9987,USO261009C00145000,7.44,8.37,7.905,0.4493,0.5403,0.0209,-0.1291,0.168,0.0599,2026-09-08T18:51:11.216372012Z,33,USO261009P00145000,7.02,7.9,7.46,0.4627,USO261023C00145000,2026-10-23,45,145.0,8.83,10.04,9.435,0.4433
2026-09-08,UNG,10.515,2026-10-09,31,10.5,0.9986,UNG261009C00010500,0.47,0.54,0.505,0.3939,0.539,0.3289,-0.0083,0.0122,0.0044,2026-09-08T18:51:11.876779241Z,74,UNG261009P00010500,0.48,0.5,0.49,0.4217,UNG261023C00010500,2026-10-23,45,10.5,0.55,0.71,0.63,0.407
2026-09-08,FXE,107.31,2026-10-16,38,107.0,0.9971,FXE261016C00107000,0.72,1.32,1.02,0.0427,0.6915,0.2384,-0.0145,0.1219,0.0762,2026-09-08T18:15:58.68518346Z,62,FXE261016P00107000,0.47,0.77,0.62,0.0682,,,,,,,,
2026-09-08,EEM,68.95,2026-10-09,31,69.0,1.0007,EEM261009C00069000,1.72,1.94,1.83,0.2164,0.5302,0.0915,-0.0315,0.08,0.0295,2026-09-08T18:51:08.97509216Z,1,EEM261009P00069000,1.57,1.71,1.64,0.2166,EEM261023C00069000,2026-10-23,45,69.0,2.15,2.45,2.3,0.223
2026-09-08,EFA,107.94,2026-10-09,31,108.0,1.0006,EFA261009C00108000,1.78,2.029,1.9045,0.138,0.539,0.0914,-0.0337,0.125,0.0478,2026-09-08T18:51:07.190017369Z,2,EFA261009P00108000,1.44,1.56,1.5,0.1327,EFA261023C00108000,2026-10-23,45,108.0,2.26,2.43,2.345,0.1382
2026-09-08,XLK,187.97,2026-10-09,31,188.0,1.0002,XLK261009C00188000,5.38,6.12,5.75,0.2462,0.536,0.0294,-0.0964,0.2178,0.0808,2026-09-08T18:51:08.10231785Z,,XLK261009P00188000,4.86,5.46,5.16,0.2529,XLK261023C00188000,2026-10-23,45,188.0,6.76,7.73,7.245,0.2559
2026-09-08,XLF,57.455,2026-10-09,31,57.5,1.0008,XLF261009C00057500,0.97,1.05,1.01,0.1405,0.5323,0.169,-0.0182,0.0666,0.0251,2026-09-08T18:51:13.639118244Z,8,XLF261009P00057500,0.95,1.11,1.03,0.1648,XLF261023C00057500,2026-10-23,45,57.5,1.28,1.34,1.31,0.1484
2026-09-08,XLE,64.845,2026-10-09,31,65.0,1.0024,XLE261009C00065000,1.78,1.91,1.845,0.2409,0.5192,0.0875,-0.0326,0.0753,0.027,2026-09-08T18:51:16.312517068Z,123,XLE261009P00065000,2.08,2.17,2.125,0.286,XLE261023C00065000,2026-10-23,45,65.0,2.18,2.32,2.25,0.2393
2026-09-08,XLV,167.545,2026-10-09,31,167.5,0.9997,XLV261009C00167500,3.02,3.44,3.23,0.1513,0.539,0.0537,-0.0564,0.1938,0.0739,2026-09-08T18:51:15.667020604Z,2,XLV261009P00167500,2.82,3.27,3.045,0.1709,XLV261023C00167500,2026-10-23,45,167.5,3.41,4.22,3.815,0.145
2026-09-08,XLP,84.08,2026-10-09,31,84.0,0.999,XLP261009C00084000,1.31,1.52,1.415,0.1254,0.5547,0.1286,-0.0243,0.0969,0.0384,2026-09-08T18:51:17.683931779Z,26,XLP261009P00084000,1.49,1.62,1.555,0.1777,XLP261023C00084000,2026-10-23,45,84.0,1.72,1.94,1.83,0.1338
2026-09-08,XLU,43.63,2026-10-09,31,43.5,0.997,XLU261009C00043500,0.78,0.88,0.83,0.1341,0.5743,0.2299,-0.0133,0.0499,0.0206,2026-09-08T18:51:18.604530028Z,16,XLU261009P00043500,0.72,0.91,0.815,0.188,XLU261023C00043500,2026-10-23,45,43.5,0.98,1.05,1.015,0.136
2026-09-08,XLI,175.11,2026-10-09,31,175.0,0.9994,XLI261009C00175000,3.73,4.22,3.975,0.1783,0.5403,0.0436,-0.0677,0.2026,0.077,2026-09-08T18:51:16.970367809Z,1,XLI261009P00175000,3.57,3.97,3.77,0.2019,XLI261023C00175000,2026-10-23,45,175.0,4.56,5.2,4.88,0.1795
2026-09-08,XLY,114.04,2026-10-09,31,114.0,0.9996,XLY261009C00114000,2.28,2.82,2.55,0.1775,0.5368,0.0673,-0.0439,0.132,0.0498,2026-09-08T18:51:23.809578427Z,,XLY261009P00114000,2.13,2.6,2.365,0.1932,XLY261023C00114000,2026-10-23,45,114.0,3.02,3.78,3.4,0.1952
2026-09-08,XLB,52.09,2026-10-09,31,52.0,0.9983,XLB261009C00052000,1.11,1.27,1.19,0.1721,0.5538,0.1512,-0.0195,0.06,0.0235,2026-09-08T18:51:18.086763625Z,,XLB261009P00052000,1.02,1.14,1.08,0.2016,XLB261023C00052000,2026-10-23,45,52.0,1.32,1.54,1.43,0.1703
2026-09-08,XRT,85.69,2026-10-09,31,85.5,0.9978,XRT261009C00085500,2.02,2.34,2.18,0.1954,0.549,0.0811,-0.0358,0.0989,0.0381,2026-09-08T18:51:00.337336309Z,,XRT261009P00085500,1.92,2.19,2.055,0.2293,XRT261023C00085500,2026-10-23,45,85.5,2.53,2.83,2.68,0.1985
2026-09-08,AAPL,315.55,2026-10-09,31,315.0,0.9983,AAPL261009C00315000,10.58,10.78,10.68,0.2719,0.5387,0.0159,-0.1766,0.365,0.1352,2026-09-08T18:51:25.567488569Z,459,AAPL261009P00315000,8.88,9.01,8.945,0.2637,AAPL261023C00315000,2026-10-23,45,315.0,12.57,12.88,12.725,0.2668
2026-09-08,MSFT,491.19,2026-10-09,31,490.0,0.9976,MSFT261009C00490000,15.42,16.239,15.8295,0.2542,0.5437,0.0109,-0.2588,0.5675,0.2133,2026-09-08T18:51:26.37022785Z,23,MSFT261009P00490000,12.49,13.82,13.155,0.2543,MSFT261023C00490000,2026-10-23,45,490.0,19.25,20.06,19.655,0.2615
2026-09-08,GOOGL,337.95,2026-10-09,31,340.0,1.0061,GOOGL261009C00340000,10.66,11.57,11.115,0.2967,0.502,0.0137,-0.2044,0.3927,0.1346,2026-09-08T18:51:28.469589478Z,204,GOOGL261009P00340000,11.3,12.42,11.86,0.2871,GOOGL261023C00340000,2026-10-23,45,340.0,14.12,14.9,14.51,0.3129
2026-09-08,AMZN,256.775,2026-10-09,31,255.0,0.9931,AMZN261009C00255000,10.25,10.87,10.56,0.311,0.5616,0.0169,-0.1618,0.2949,0.1135,2026-09-08T18:51:29.999783291Z,85,AMZN261009P00255000,7.83,7.9,7.865,0.3058,AMZN261023C00255000,2026-10-23,45,255.0,12.32,13.71,13.015,0.3216
2026-09-08,META,614.92,2026-10-09,31,615.0,1.0001,META261009C00615000,27.22,28.45,27.835,0.3776,0.5324,0.0059,-0.4651,0.7124,0.2543,2026-09-08T18:51:30.984438168Z,60,META261009P00615000,25.78,26.73,26.255,0.3803,META261023C00615000,2026-10-23,45,615.0,33.05,34.01,33.53,0.3746
2026-09-08,NVDA,225.705,2026-10-09,31,225.0,0.9969,NVDA261009C00225000,9.68,9.84,9.76,0.3444,0.5459,0.0175,-0.1566,0.2607,0.0964,2026-09-08T18:51:31.544740115Z,578,NVDA261009P00225000,8.34,8.48,8.41,0.3489,NVDA261023C00225000,2026-10-23,45,225.0,11.69,12.33,12.01,0.3521
2026-09-08,TSLA,366.12,2026-10-09,31,365.0,0.9969,TSLA261009C00365000,18.65,19.03,18.84,0.416,0.5452,0.0089,-0.3026,0.423,0.1536,2026-09-08T18:51:32.4289154Z,617,TSLA261009P00365000,16.219,16.52,16.3695,0.413,TSLA261023C00365000,2026-10-23,45,365.0,23.38,25.1,24.24,0.446
2026-09-08,AMD,507.04,2026-10-09,31,505.0,0.996,AMD261009C00505000,32.28,34.8,33.54,0.5381,0.5505,0.005,-0.5333,0.585,0.2087,2026-09-08T18:51:33.825808541Z,66,AMD261009P00505000,28.22,29.8,29.01,0.5258,AMD261023C00505000,2026-10-23,45,505.0,40.38,42.09,41.235,0.5507
2026-09-08,PLTR,170.55,2026-10-09,31,170.0,0.9968,PLTR261009C00170000,10.04,10.11,10.075,0.4805,0.547,0.0166,-0.1613,0.197,0.0707,2026-09-08T18:51:34.713839392Z,84,PLTR261009P00170000,8.93,9.18,9.055,0.4869,PLTR261023C00170000,2026-10-23,45,170.0,12.02,12.58,12.3,0.4874
2026-09-08,COIN,179.22,2026-10-09,31,180.0,1.0044,COIN261009C00180000,13.67,15.22,14.445,0.6911,0.5412,0.011,-0.24,0.2076,0.0702,2026-09-08T18:51:35.580142536Z,29,COIN261009P00180000,13.47,14.68,14.075,0.678,COIN261023C00180000,2026-10-23,45,180.0,17.16,18.69,17.925,0.708
2026-09-08,MSTR,136.71,2026-10-09,31,137.0,1.0021,MSTR261009C00137000,11.52,12.33,11.925,0.7517,0.544,0.0133,-0.1978,0.1578,0.053,2026-09-08T18:51:35.584996193Z,77,MSTR261009P00137000,11.08,12.23,11.655,0.7362,MSTR261023C00137000,2026-10-23,45,137.0,13.82,15.05,14.435,0.7512
2026-09-08,SMCI,40.555,2026-10-09,31,41.0,1.011,SMCI261009C00041000,3.19,3.56,3.375,0.7522,0.5277,0.0448,-0.0589,0.047,0.0153,2026-09-08T18:51:38.086699874Z,65,SMCI261009P00041000,3.56,3.87,3.715,0.7493,SMCI261023C00041000,2026-10-23,45,41.0,3.96,4.27,4.115,0.7504
2026-09-08,JNJ,270.295,2026-10-09,31,270.0,0.9989,JNJ261009C00270000,7.34,8.49,7.915,0.2351,0.5367,0.0215,-0.1329,0.3128,0.1164,2026-09-08T18:51:15.584363966Z,7,JNJ261009P00270000,6.02,7.2,6.61,0.2275,JNJ261023C00270000,2026-10-23,45,270.0,10.08,11.51,10.795,0.2661
2026-09-08,PG,145.38,2026-10-09,31,145.0,0.9974,PG261009C00145000,3.3,4,3.65,0.1903,0.5532,0.049,-0.0594,0.1675,0.0652,2026-09-08T18:51:34.586761576Z,1,PG261009P00145000,2.56,3.13,2.845,0.1931,PG261023C00145000,2026-10-23,45,145.0,4.27,5.14,4.705,0.2045
2026-09-08,KO,88.315,2026-10-09,31,88.0,0.9964,KO261009C00088000,1.7,2,1.85,0.1498,0.5705,0.1019,-0.0295,0.1011,0.0412,2026-09-08T18:51:40.547153211Z,22,KO261009P00088000,1.79,2.02,1.905,0.2142,KO261023C00088000,2026-10-23,45,88.0,2.49,2.66,2.575,0.1778
2026-09-08,PEP,138.525,2026-10-09,31,139.0,1.0034,PEP261009C00139000,3.64,4.32,3.98,0.247,0.5145,0.04,-0.0711,0.161,0.0572,2026-09-08T18:51:41.482232728Z,1,PEP261009P00139000,3.78,4.28,4.03,0.2504,PEP261023C00139000,2026-10-23,45,139.0,4.31,4.99,4.65,0.2343
2026-09-08,WMT,106.05,2026-10-09,31,106.0,0.9995,WMT261009C00106000,3.04,3.27,3.155,0.2391,0.5364,0.0538,-0.053,0.1228,0.0456,2026-09-08T18:51:39.383179289Z,84,WMT261009P00106000,2.56,2.79,2.675,0.2339,WMT261023C00106000,2026-10-23,45,106.0,3.68,3.96,3.82,0.2379
2026-09-08,MCD,256.12,2026-10-09,31,255.0,0.9956,MCD261009C00255000,7.06,7.93,7.495,0.2187,0.5597,0.0242,-0.118,0.2944,0.1154,2026-09-08T18:51:41.567507498Z,19,MCD261009P00255000,5.1,5.65,5.375,0.2121,MCD261023C00255000,2026-10-23,45,255.0,8.51,9.23,8.87,0.2145
2026-09-08,VZ,50.395,2026-10-09,31,50.0,0.9922,VZ261009C00050000,1.45,1.61,1.53,0.211,0.5843,0.1259,-0.0224,0.0573,0.0237,2026-09-08T18:51:44.513689495Z,5,VZ261009P00050000,1.24,1.44,1.34,0.2755,VZ261023C00050000,2026-10-23,45,50.0,1.51,1.92,1.715,0.1958
2026-09-08,JPM,355.07,2026-10-09,31,355.0,0.9998,JPM261009C00355000,8.9,9.88,9.39,0.2144,0.5321,0.0179,-0.1609,0.4113,0.1524,2026-09-08T18:51:45.795397428Z,19,JPM261009P00355000,8.99,9.97,9.48,0.2432,JPM261023C00355000,2026-10-23,45,355.0,12.33,13.43,12.88,0.243
2026-09-08,BAC,62.585,2026-10-09,31,63.0,1.0066,BAC261009C00063000,1.44,1.65,1.545,0.2286,0.4897,0.0957,-0.0298,0.0727,0.0247,2026-09-08T18:51:45.831205315Z,148,BAC261009P00063000,1.67,1.85,1.76,0.2242,BAC261023C00063000,2026-10-23,45,63.0,2.11,2.33,2.22,0.2618
2026-09-08,GS,1035.615,2026-10-09,31,1035.0,0.9994,GS261009C01035000,39.73,42.46,41.095,0.3297,0.5311,0.004,-0.6907,1.1993,0.4318,2026-09-08T18:51:47.179754592Z,23,GS261009P01035000,34.83,39.33,37.08,0.321,GS261023C01035000,2026-10-23,45,1035.0,50.14,56.14,53.14,0.3518
2026-09-08,XOM,160.61,2026-10-09,31,160.0,0.9962,XOM261009C00160000,5.7,6.15,5.925,0.2892,0.5481,0.0293,-0.095,0.1853,0.0697,2026-09-08T18:51:47.296060613Z,9,XOM261009P00160000,4.75,5.39,5.07,0.3003,XOM261023C00160000,2026-10-23,45,160.0,6.72,7.58,7.15,0.2894
2026-09-08,CVX,210.73,2026-10-09,31,210.0,0.9965,CVX261009C00210000,6.75,7.75,7.25,0.2601,0.5579,0.0247,-0.1134,0.2428,0.0938,2026-09-08T18:51:49.969505334Z,126,CVX261009P00210000,5.23,6.02,5.625,0.2642,CVX261023C00210000,2026-10-23,45,210.0,8.37,9.27,8.82,0.2639
2026-09-08,CAT,827.09,2026-10-09,31,825.0,0.9975,CAT261009C00825000,36.74,42.86,39.8,0.3894,0.5433,0.0042,-0.6431,0.9561,0.3479,2026-09-08T18:51:46.92135379Z,1,CAT261009P00825000,32.11,35.73,33.92,0.3787,CAT261023C00825000,2026-10-23,45,825.0,43.47,52.36,47.915,0.3884
2026-09-08,BA,211.79,2026-10-09,31,210.0,0.9915,BA261009C00210000,8.46,9.42,8.94,0.3169,0.5647,0.0201,-0.1356,0.2428,0.0939,2026-09-08T18:51:52.152651086Z,100,BA261009P00210000,5.86,6.53,6.195,0.2976,BA261023C00210000,2026-10-23,45,210.0,10.61,11.38,10.995,0.3276
2026-09-08,UNH,400.705,2026-10-09,31,400.0,0.9982,UNH261009C00400000,12.44,15.81,14.125,0.2815,0.5411,0.0121,-0.2315,0.4635,0.1722,2026-09-08T18:51:52.800478112Z,52,UNH261009P00400000,13.16,15.8,14.48,0.3332,UNH261023C00400000,2026-10-23,45,400.0,19.92,24.72,22.32,0.3751
2026-09-08,COST,909.15,2026-10-09,31,910.0,1.0009,COST261009C00910000,26.35,28.52,27.435,0.2487,0.5285,0.006,-0.4702,1.0546,0.3849,2026-09-08T18:51:51.032167787Z,9,COST261009P00910000,24.04,25.42,24.73,0.2451,COST261023C00910000,2026-10-23,45,910.0,32.04,34.82,33.43,0.2483
2026-09-08,LQD,105.355,2026-10-09,31,105.5,1.0014,LQD261009C00105500,0.62,0.73,0.675,0.0477,0.5503,0.2704,-0.0153,0.1215,0.0487,2026-09-08T18:51:52.280838125Z,3,LQD261009P00105500,0.84,0.89,0.865,0.0776,LQD261023C00105500,2026-10-23,45,105.5,0.81,0.89,0.85,0.0455
2026-09-08,HYG,79.12,2026-10-09,31,79.0,0.9985,HYG261009C00079000,0.35,0.56,0.455,0.0238,0.7537,0.5736,-0.009,0.0727,0.0503,2026-09-08T18:51:52.904207676Z,6,HYG261009P00079000,0.35,0.43,0.39,0.0607,HYG261023C00079000,2026-10-23,45,79.0,0.37,0.69,0.53,0.0172
2026-09-08,FXI,35.095,2026-10-09,31,35.0,0.9973,FXI261009C00035000,0.8,1,0.9,0.1947,0.5529,0.1986,-0.0146,0.0404,0.0157,2026-09-08T18:51:38.29260361Z,1,FXI261009P00035000,0.72,0.76,0.74,0.2065,FXI261023C00035000,2026-10-23,45,35.0,1.07,1.2,1.135,0.2041
2026-09-08,XLC,111.415,2026-10-09,31,111.5,1.0008,XLC261009C00111500,1.93,2.39,2.16,0.1568,0.5294,0.0782,-0.0386,0.1292,0.0483,2026-09-08T18:51:22.256655085Z,,XLC261009P00111500,1.92,2.27,2.095,0.1714,XLC261023C00111500,2026-10-23,45,111.5,1.63,4.34,2.985,0.1777
2026-09-08,XLRE,43.995,2026-10-16,38,44.0,1.0001,XLRE261016C00044000,0.53,0.92,0.725,0.1101,0.5568,0.2525,-0.0106,0.0561,0.0248,2026-09-08T18:51:40.462838959Z,1,XLRE261016P00044000,0.68,0.83,0.755,0.1502,,,,,,,,
2026-09-08,SMH,575.17,2026-10-09,31,575.0,0.9997,SMH261009C00575000,23.79,26.22,25.005,0.3631,0.5313,0.0065,-0.4193,0.6661,0.2381,2026-09-08T18:51:58.566360227Z,7,SMH261009P00575000,21.65,23.77,22.71,0.3517,SMH261023C00575000,2026-10-23,45,575.0,29.57,31.28,30.425,0.3637
2026-09-08,XBI,162.74,2026-10-09,31,162.5,0.9985,XBI261009C00162500,5.03,6.87,5.95,0.2958,0.5378,0.0283,-0.0983,0.1883,0.0693,2026-09-08T18:51:53.90813903Z,,XBI261009P00162500,4.95,5.8,5.375,0.3037,XBI261023C00162500,2026-10-23,45,162.5,5.52,8.23,6.875,0.2809
2026-09-08,KRE,74.55,2026-10-09,31,74.5,0.9993,KRE261009C00074500,1.81,2.15,1.98,0.2145,0.5334,0.0853,-0.0338,0.0863,0.0321,2026-09-08T18:52:00.72478177Z,12,KRE261009P00074500,1.92,2.12,2.02,0.2475,KRE261023C00074500,2026-10-23,45,74.5,2.36,2.78,2.57,0.2294
2026-09-08,GDX,98.72,2026-10-09,31,98.5,0.9978,GDX261009C00098500,5.46,5.69,5.575,0.474,0.5368,0.0292,-0.0921,0.114,0.0402,2026-09-08T18:52:02.842394459Z,2,GDX261009P00098500,4.92,5.13,5.025,0.4544,GDX261023C00098500,2026-10-23,45,98.5,6.31,6.81,6.56,0.46
2026-09-08,IBIT,44.39,2026-10-09,31,44.5,1.0025,IBIT261009C00044500,2.1,2.12,2.11,0.4106,0.523,0.0751,-0.0363,0.0515,0.0179,2026-09-08T18:52:03.17368048Z,68,IBIT261009P00044500,2.029,2.1,2.0645,0.3995,IBIT261023C00044500,2026-10-23,45,44.5,2.52,2.55,2.535,0.4042
2026-09-08,XHB,101.27,2026-10-09,31,101.0,0.9973,XHB261009C00101000,3.43,4.97,4.2,0.3329,0.5427,0.0404,-0.0681,0.117,0.0431,2026-09-08T18:52:04.931921826Z,,XHB261009P00101000,1.98,3.48,2.73,0.2564,XHB261023C00101500,2026-10-23,45,101.5,3.92,4.51,4.215,0.2895
2026-09-08,XOP,194.92,2026-10-09,31,195.0,1.0004,XOP261009C00195000,6.28,7.17,6.725,0.2829,0.5323,0.0247,-0.1132,0.226,0.0824,2026-09-08T18:52:05.292112102Z,6,XOP261009P00195000,6.88,8.039,7.4595,0.3436,XOP261023C00195000,2026-10-23,45,195.0,7.51,9.41,8.46,0.2932
2026-09-08,AVGO,369.06,2026-10-09,31,370.0,1.0025,AVGO261009C00370000,16.56,17.32,16.94,0.3932,0.5245,0.0094,-0.2899,0.4282,0.15,2026-09-08T18:52:02.584618399Z,204,AVGO261009P00370000,16.74,17.99,17.365,0.4071,AVGO261023C00370000,2026-10-23,45,370.0,19.72,21.53,20.625,0.3927
2026-09-08,ORCL,161.47,2026-10-09,31,162.5,1.0064,ORCL261009C00162500,12.8,13.12,12.96,0.7033,0.535,0.012,-0.2198,0.187,0.0624,2026-09-08T18:52:07.599471188Z,163,ORCL261009P00162500,13.62,13.96,13.79,0.7217,ORCL261023C00162500,2026-10-23,45,162.5,14.36,15.02,14.69,0.6557
2026-09-08,CRM,246.055,2026-10-09,31,245.0,0.9957,CRM261009C00245000,11.59,12.88,12.235,0.3958,0.5493,0.0139,-0.194,0.2839,0.1044,2026-09-08T18:52:07.265885038Z,20,CRM261009P00245000,9.84,11.44,10.64,0.4056,CRM261023C00245000,2026-10-23,45,245.0,14.14,15.78,14.96,0.4028
2026-09-08,ADBE,254.64,2026-10-09,31,255.0,1.0014,ADBE261009C00255000,15.35,16.85,16.1,0.5305,0.5391,0.0101,-0.2651,0.295,0.1031,2026-09-08T18:52:09.064852137Z,14,ADBE261009P00255000,14.64,16.27,15.455,0.5364,ADBE261023C00255000,2026-10-23,45,255.0,18,21.17,19.585,0.5333
2026-09-08,INTC,105.04,2026-10-09,31,105.0,0.9996,INTC261009C00105000,8.15,8.22,8.185,0.664,0.5428,0.0195,-0.1349,0.1212,0.0414,2026-09-08T18:52:10.297709058Z,456,INTC261009P00105000,7.62,7.98,7.8,0.651,INTC261023C00105000,2026-10-23,45,105.0,10.65,10.82,10.735,0.721
2026-09-08,MU,1013.99,2026-10-09,31,1015.0,1.001,MU261009C01015000,79.59,82.12,80.855,0.6815,0.5426,0.002,-1.3363,1.1713,0.3982,2026-09-08T18:52:09.722658155Z,211,MU261009P01015000,74.16,81.43,77.795,0.6684,MU261023C01015000,2026-10-23,45,1015.0,93.72,98.09,95.905,0.6674
2026-09-08,QCOM,173.63,2026-10-09,31,175.0,1.0079,QCOM261009C00175000,8.66,10.32,9.49,0.4957,0.5119,0.0159,-0.1693,0.2015,0.0673,2026-09-08T18:52:12.542625413Z,155,QCOM261009P00175000,9.34,10.06,9.7,0.4532,QCOM261023C00175000,2026-10-23,45,175.0,9.98,12.2,11.09,0.4725
2026-09-08,TSM,440.44,2026-10-09,31,440.0,0.999,TSM261009C00440000,17.72,18.58,18.15,0.3393,0.5346,0.0091,-0.3016,0.5099,0.1845,2026-09-08T18:52:11.694886Z,386,TSM261009P00440000,16.54,17.55,17.045,0.3495,TSM261023C00440000,2026-10-23,45,440.0,23.01,24.56,23.785,0.3681
2026-09-08,NFLX,76.64,2026-10-09,31,77.0,1.0047,NFLX261009C00077000,2.93,3.06,2.995,0.3423,0.514,0.0522,-0.0529,0.089,0.0309,2026-09-08T18:52:14.417071144Z,123,NFLX261009P00077000,2.93,2.99,2.96,0.3257,NFLX261023C00077000,2026-10-23,45,77.0,4.53,4.74,4.635,0.432
2026-09-08,CSCO,109.165,2026-10-09,31,109.0,0.9985,CSCO261009C00109000,3.53,4.13,3.83,0.2794,0.5418,0.0446,-0.0627,0.1263,0.047,2026-09-08T18:52:15.46978583Z,15,CSCO261009P00109000,3.48,3.99,3.735,0.317,CSCO261023C00109000,2026-10-23,45,109.0,4.38,5.31,4.845,0.2932
2026-09-08,TXN,257.565,2026-10-09,31,260.0,1.0095,TXN261009C00260000,9.74,11.45,10.595,0.3812,0.4981,0.014,-0.1962,0.2993,0.0999,2026-09-08T18:52:16.624223156Z,2,TXN261009P00260000,10.66,12.94,11.8,0.3635,TXN261023C00260000,2026-10-23,45,260.0,13.8,16.7,15.25,0.4406
2026-09-08,MS,217.645,2026-10-09,31,220.0,1.0108,MS261009C00220000,6.1,7.14,6.62,0.2978,0.4762,0.0211,-0.1312,0.2522,0.0823,2026-09-08T18:52:14.27391262Z,1,MS261009P00220000,7.56,8.81,8.185,0.2824,MS261023C00220000,2026-10-23,45,220.0,8.29,10,9.145,0.3253
2026-09-08,WFC,88.54,2026-10-09,31,89.0,1.0052,WFC261009C00089000,2.38,2.7,2.54,0.2583,0.5005,0.0599,-0.0472,0.1029,0.0354,2026-09-08T18:52:18.095318894Z,154,WFC261009P00089000,2.38,2.88,2.63,0.2434,WFC261023C00089000,2026-10-23,45,89.0,3.34,3.83,3.585,0.2936
2026-09-08,C,137.52,2026-10-09,31,138.0,1.0035,C261009C00138000,4.33,4.92,4.625,0.2992,0.5071,0.0333,-0.0837,0.1595,0.0552,2026-09-08T18:52:18.089938535Z,36,C261009P00138000,4.22,4.83,4.525,0.2736,C261023C00138000,2026-10-23,45,138.0,5.72,6.41,6.065,0.3181
2026-09-08,AXP,327.22,2026-10-09,31,325.0,0.9932,AXP261009C00325000,10.18,11.38,10.78,0.2438,0.5651,0.0169,-0.1655,0.375,0.1477,2026-09-08T18:52:18.398673066Z,3,AXP261009P00325000,7.43,8.41,7.92,0.2468,AXP261023C00325000,2026-10-23,45,325.0,12.87,15.09,13.98,0.2674
2026-09-08,SCHW,108.14,2026-10-09,31,108.0,0.9987,SCHW261009C00108000,3.26,3.77,3.515,0.2623,0.5366,0.0481,-0.0586,0.1251,0.0463,2026-09-08T18:52:18.08901353Z,1,SCHW261009P00108000,2.59,3.1,2.845,0.2441,SCHW261023C00108000,2026-10-23,45,108.0,4.059,5.27,4.6645,0.2886
2026-09-08,LLY,1123.405,2026-10-09,31,1125.0,1.0014,LLY261009C01125000,42.75,49.98,46.365,0.3483,0.5268,0.0035,-0.7887,1.303,0.4631,2026-09-08T18:52:21.116960649Z,5,LLY261009P01125000,36.5,44.75,40.625,0.3185,LLY261023C01125000,2026-10-23,45,1125.0,51.94,60.77,56.355,0.3475
2026-09-08,ABBV,250.08,2026-10-09,31,250.0,0.9997,ABBV261009C00250000,7.62,9.02,8.32,0.2723,0.5324,0.02,-0.1402,0.2897,0.106,2026-09-08T18:52:17.207800755Z,2,ABBV261009P00250000,6.19,7.27,6.73,0.2459,ABBV261023C00250000,2026-10-23,45,250.0,9.33,10.18,9.755,0.2618
2026-09-08,PFE,27.895,2026-10-09,31,28.0,1.0038,PFE261009C00028000,0.77,0.83,0.8,0.2489,0.5115,0.197,-0.0144,0.0324,0.0114,2026-09-08T18:52:18.427760416Z,20,PFE261009P00028000,0.67,0.82,0.745,0.2274,PFE261023C00028000,2026-10-23,45,28.0,0.84,1.03,0.935,0.236
2026-09-08,MRK,148.615,2026-10-09,31,149.0,1.0026,MRK261009C00149000,4.48,5.2,4.84,0.2798,0.5169,0.0329,-0.0853,0.1725,0.0611,2026-09-08T18:52:22.86271703Z,4,MRK261009P00149000,5.04,5.86,5.45,0.3163,MRK261023C00149000,2026-10-23,45,149.0,5.47,6.28,5.875,0.2768
2026-09-08,TMO,604.21,2026-10-09,31,600.0,0.993,TMO261009C00600000,21.12,26.88,24.0,0.2961,0.5655,0.0075,-0.3641,0.6932,0.2699,2026-09-08T18:51:41.48554654Z,,TMO261009P00600000,13.12,19.89,16.505,0.279,TMO261023C00600000,2026-10-23,45,600.0,28.23,36.6,32.415,0.3408
2026-09-08,HD,314.49,2026-10-09,31,315.0,1.0016,HD261009C00315000,9.18,10.18,9.68,0.2611,0.52,0.0167,-0.1697,0.3649,0.1306,2026-09-08T18:52:24.175732147Z,1,HD261009P00315000,8.26,9.55,8.905,0.2478,HD261023C00315000,2026-10-23,45,315.0,11.06,12.42,11.74,0.2583
2026-09-08,NKE,37.98,2026-10-09,31,38.0,1.0005,NKE261009C00038000,2.1,2.18,2.14,0.4764,0.5339,0.0754,-0.0357,0.044,0.0154,2026-09-08T18:52:23.728085512Z,78,NKE261009P00038000,1.98,2.05,2.015,0.4667,NKE261023C00038000,2026-10-23,45,38.0,2.32,2.55,2.435,0.446
2026-09-08,TGT,162.625,2026-10-09,31,162.5,0.9992,TGT261009C00162500,5.49,6.2,5.845,0.2925,0.5355,0.0287,-0.0973,0.1883,0.069,2026-09-08T18:52:26.762770775Z,115,TGT261009P00162500,5.06,5.48,5.27,0.2961,TGT261023C00162500,2026-10-23,45,162.5,7.22,7.6,7.41,0.3064
2026-09-08,LOW,202.33,2026-10-09,31,200.0,0.9885,LOW261009C00200000,7.1,9.08,8.09,0.2836,0.5824,0.0234,-0.1166,0.23,0.0931,2026-09-08T18:52:15.375204237Z,1,LOW261009P00200000,4.36,5.48,4.92,0.2659,LOW261023C00200000,2026-10-23,45,200.0,8.73,10.69,9.71,0.2879
2026-09-08,DIS,104.41,2026-10-09,31,104.0,0.9961,DIS261009C00104000,3.15,3.48,3.315,0.2393,0.5579,0.0542,-0.0521,0.1202,0.0467,2026-09-08T18:52:05.722288914Z,,DIS261009P00104000,2.37,2.59,2.48,0.2368,DIS261023C00104000,2026-10-23,45,104.0,3.83,4.27,4.05,0.2437
2026-09-08,GE,336.83,2026-10-09,31,335.0,0.9946,GE261009C00335000,12.61,13.84,13.225,0.3066,0.5507,0.0132,-0.2098,0.3879,0.1461,2026-09-08T18:52:05.437844734Z,26,GE261009P00335000,9.48,11.13,10.305,0.2953,GE261023C00335000,2026-10-23,45,335.0,17.19,18.69,17.94,0.3499
2026-09-08,DE,685.35,2026-10-09,31,690.0,1.0068,DE261009C00690000,20.74,25.72,23.23,0.3112,0.4973,0.0064,-0.4324,0.7959,0.2694,2026-09-08T18:52:20.022150425Z,2,DE261009P00690000,25.23,27.87,26.55,0.3122,DE261023C00690000,2026-10-23,45,690.0,27.35,31.44,29.395,0.3176
2026-09-08,LMT,535.97,2026-10-09,31,535.0,0.9982,LMT261009C00535000,17,21.74,19.37,0.2873,0.5429,0.0088,-0.3155,0.6198,0.2308,2026-09-08T18:52:33.068980386Z,1,LMT261009P00535000,12.84,16.05,14.445,0.2554,LMT261023C00535000,2026-10-23,45,535.0,23.17,30.5,26.835,0.333
2026-09-08,UPS,100.655,2026-10-09,31,101.0,1.0034,UPS261009C00101000,2.68,3.22,2.95,0.2558,0.5104,0.0532,-0.0533,0.1169,0.0411,2026-09-08T18:52:33.66313322Z,18,UPS261009P00101000,2.64,2.98,2.81,0.2366,UPS261023C00101000,2026-10-23,45,101.0,3.33,3.9,3.615,0.2543
2026-09-08,RTX,199.92,2026-10-09,31,200.0,1.0004,RTX261009C00200000,5.26,6.41,5.835,0.2452,0.5225,0.0279,-0.1019,0.2318,0.0836,2026-09-08T18:52:34.973922324Z,2,RTX261009P00200000,5.07,5.77,5.42,0.24,RTX261023C00200000,2026-10-23,45,200.0,7.53,9.18,8.355,0.2886
2026-09-08,COP,134.92,2026-10-09,31,135.0,1.0006,COP261009C00135000,4.57,5.52,5.045,0.2963,0.5437,0.0339,-0.0819,0.1564,0.0582,2026-09-08T18:52:13.522604782Z,6,COP261009P00135000,4.12,4.98,4.55,0.3142,COP261023C00135000,2026-10-23,45,135.0,5.52,6.76,6.14,0.2986
2026-09-08,SLB,57.41,2026-10-09,31,57.0,0.9929,SLB261009C00057000,2.52,2.89,2.705,0.3577,0.563,0.0658,-0.0411,0.066,0.0252,2026-09-08T18:52:33.578138706Z,2,SLB261009P00057000,2.009,2.26,2.1345,0.3672,SLB261023C00057000,2026-10-23,45,57.0,3.02,3.58,3.3,0.3662
2026-09-08,OXY,60.86,2026-10-09,31,61.0,1.0023,OXY261009C00061000,2.11,2.4,2.255,0.3037,0.5329,0.0736,-0.0378,0.0707,0.0257,2026-09-08T18:52:37.899730438Z,7,OXY261009P00061000,2.26,2.6,2.43,0.3577,OXY261023C00061000,2026-10-23,45,61.0,2.59,2.86,2.725,0.302
2026-09-08,NEE,84.235,2026-10-09,31,84.0,0.9972,NEE261009C00084000,2.02,2.61,2.315,0.2116,0.5492,0.0762,-0.0377,0.0972,0.0373,2026-09-08T18:52:23.399951284Z,1,NEE261009P00084000,1.71,1.99,1.85,0.2132,NEE261023C00084000,2026-10-23,45,84.0,2.58,3.2,2.89,0.2192
2026-09-08,DUK,121.46,2026-10-16,38,120.0,0.988,DUK261016C00120000,3.74,3.93,3.835,0.1762,0.6244,0.0549,-0.042,0.1487,0.075,2026-09-08T18:52:40.345007145Z,20,DUK261016P00120000,1.83,2.029,1.9295,0.1811,,,,,,,,
2026-09-08,T,25.62,2026-10-09,31,25.5,0.9953,T261009C00025500,0.68,0.87,0.775,0.2217,0.5663,0.2374,-0.0119,0.0294,0.0117,2026-09-08T18:52:35.637429008Z,30,T261009P00025500,0.58,0.85,0.715,0.2768,T261023C00025500,2026-10-23,45,25.5,0.92,1.15,1.035,0.2516
2026-09-08,CMCSA,26.195,2026-10-09,31,26.0,0.9926,CMCSA261009C00026000,0.88,1.07,0.975,0.2725,0.5702,0.1888,-0.0146,0.03,0.0119,2026-09-08T18:52:22.694227368Z,2,CMCSA261009P00026000,0.79,1,0.895,0.3403,CMCSA261023C00026000,2026-10-23,45,26.0,0.99,1.36,1.175,0.2758
2026-09-08,RIVN,16.125,2026-10-09,31,16.0,0.9922,RIVN261009C00016000,1.13,1.27,1.2,0.5988,0.5583,0.1403,-0.0187,0.0185,0.0066,2026-09-08T18:52:43.009524294Z,112,RIVN261009P00016000,0.9,1.04,0.97,0.5646,RIVN261023C00016000,2026-10-23,45,16.0,1.31,1.55,1.43,0.5949
2026-09-08,SOFI,17.945,2026-10-09,31,18.0,1.0031,SOFI261009C00018000,0.99,1.1,1.045,0.5108,0.5241,0.1494,-0.018,0.0208,0.0071,2026-09-08T18:52:43.02316526Z,108,SOFI261009P00018000,1.06,1.08,1.07,0.5061,SOFI261023C00018000,2026-10-23,45,18.0,1.22,1.29,1.255,0.5029
2026-09-08,HOOD,119.235,2026-10-09,31,119.0,0.998,HOOD261009C00119000,8.81,9.22,9.015,0.6374,0.5449,0.0179,-0.1472,0.1375,0.0474,2026-09-08T18:52:45.234004711Z,10,HOOD261009P00119000,8.18,8.63,8.405,0.625,HOOD261023C00119000,2026-10-23,45,119.0,10.57,11.06,10.815,0.6328
2026-09-08,MARA,11.98,2026-10-09,31,12.0,1.0017,MARA261009C00012000,1.2,1.26,1.23,0.9074,0.5462,0.1258,-0.0207,0.0138,0.0045,2026-09-08T18:52:46.297035129Z,56,MARA261009P00012000,1.2,1.26,1.23,0.8701,MARA261023C00012000,2026-10-23,45,12.0,1.4,1.5,1.45,0.8814
2026-09-08,RBLX,44.68,2026-10-09,31,45.0,1.0072,RBLX261009C00045000,3.12,3.42,3.27,0.6484,0.5282,0.0472,-0.0563,0.0518,0.0173,2026-09-08T18:52:42.939302355Z,56,RBLX261009P00045000,3.03,3.49,3.26,0.6079,RBLX261023C00045000,2026-10-23,45,45.0,3.69,4.04,3.865,0.6288
2026-09-08,SNOW,337.055,2026-10-09,31,335.0,0.9939,SNOW261009C00335000,18.18,20.24,19.21,0.4603,0.5489,0.0088,-0.3054,0.3882,0.1405,2026-09-08T18:52:42.299900958Z,11,SNOW261009P00335000,15.68,17.1,16.39,0.4524,SNOW261023C00335000,2026-10-23,45,335.0,22.44,24.83,23.635,0.4715
2026-09-08,CRWD,209.7,2026-10-09,31,210.0,1.0014,CRWD261009C00210000,12.08,13.63,12.855,0.5163,0.5371,0.0126,-0.2127,0.243,0.0848,2026-09-08T18:52:42.796001647Z,21,CRWD261009P00210000,11.64,12.51,12.075,0.5075,CRWD261023C00210000,2026-10-23,45,210.0,14.66,16.07,15.365,0.5092
2026-09-09,SPY,763.195,2026-10-09,30,763.0,0.9997,SPY261009C00763000,12.05,12.1,12.075,0.1234,0.5446,0.0147,-0.2199,0.8674,0.3317,2026-09-09T18:44:49.217818115Z,321,SPY261009P00763000,11.1,11.16,11.13,0.1419,SPY261023C00763000,2026-10-23,44,763.0,15.37,15.44,15.405,0.128
2026-09-09,DIA,524.995,2026-10-09,30,525.0,1.0,DIA261009C00525000,8.21,8.34,8.275,0.1249,0.5396,0.0211,-0.1526,0.5974,0.226,2026-09-09T18:44:47.976327553Z,7,DIA261009P00525000,7.64,8.039,7.8395,0.1432,DIA261023C00525000,2026-10-23,44,525.0,10.38,10.61,10.495,0.1282
2026-09-09,QQQ,716.615,2026-10-09,30,717.0,1.0005,QQQ261009C00717000,16.19,16.65,16.42,0.1889,0.5301,0.0102,-0.2947,0.8174,0.2987,2026-09-09T18:44:51.860351862Z,238,QQQ261009P00717000,15,15.14,15.07,0.1954,QQQ261023C00717000,2026-10-23,44,717.0,20.77,20.87,20.82,0.1951
2026-09-09,IWM,290.89,2026-10-09,30,291.0,1.0004,IWM261009C00291000,5.93,6.09,6.01,0.1689,0.5317,0.0282,-0.1086,0.3316,0.1222,2026-09-09T18:44:52.52528496Z,20,IWM261009P00291000,6.07,6.16,6.115,0.1956,IWM261023C00291000,2026-10-23,44,291.0,7.46,7.65,7.555,0.1725
2026-09-09,MDY,680.8,2026-10-16,37,680.0,0.9988,MDY261016C00680000,13,16.62,14.81,0.1526,0.5481,0.012,-0.2138,0.8582,0.3631,2026-09-09T18:44:25.675281874Z,,MDY261016P00680000,11.02,14.62,12.82,0.1665,,,,,,,,
2026-09-09,GLD,404.36,2026-10-09,30,404.0,0.9991,GLD261009C00404000,12.44,12.55,12.495,0.2533,0.536,0.0135,-0.2154,0.4606,0.1679,2026-09-09T18:44:54.519624495Z,1,GLD261009P00404000,10.8,11.01,10.905,0.2531,GLD261023C00404000,2026-10-23,44,404.0,14.9,15.46,15.18,0.2519
2026-09-09,SLV,61.08,2026-10-09,30,61.0,0.9987,SLV261009C00061000,3.12,3.25,3.185,0.4366,0.5397,0.0519,-0.0537,0.0695,0.0245,2026-09-09T18:44:50.047520292Z,54,SLV261009P00061000,2.9,3.03,2.965,0.4458,SLV261023C00061000,2026-10-23,44,61.0,3.86,4.019,3.9395,0.445
2026-09-09,TLT,81.76,2026-10-09,30,82.0,1.0029,TLT261009C00082000,0.94,0.96,0.95,0.1009,0.508,0.1686,-0.0199,0.0935,0.0334,2026-09-09T18:44:53.993721966Z,80,TLT261009P00082000,1.12,1.18,1.15,0.1237,TLT261023C00082000,2026-10-23,44,82.0,1.16,1.22,1.19,0.0992
2026-09-09,IEF,91.89,2026-10-09,30,92.0,1.0012,IEF261009C00092000,0.6,0.64,0.62,0.0493,0.5618,0.3033,-0.0138,0.1039,0.0419,2026-09-09T18:44:54.800762812Z,103,IEF261009P00092000,0.6,0.68,0.64,0.0697,IEF261023C00092000,2026-10-23,44,92.0,0.72,0.76,0.74,0.0442
2026-09-09,USO,149.16,2026-10-09,30,149.0,0.9989,USO261009C00149000,7.83,8.52,8.175,0.4521,0.545,0.0205,-0.1355,0.1699,0.0602,2026-09-09T18:44:55.953604248Z,16,USO261009P00149000,7.03,7.7,7.365,0.4593,USO261023C00149000,2026-10-23,44,149.0,9.55,10.51,10.03,0.4584
2026-09-09,UNG,10.14,2026-10-09,30,10.0,0.9862,UNG261009C00010000,0.53,0.62,0.575,0.4295,0.5743,0.3144,-0.0087,0.0114,0.0043,2026-09-09T18:44:55.684858967Z,66,UNG261009P00010000,0.36,0.39,0.375,0.3906,UNG261023C00010000,2026-10-23,44,10.0,0.7,0.72,0.71,0.4471
2026-09-09,FXE,107.4,2026-10-16,37,107.0,0.9963,FXE261016C00107000,0.73,1.12,0.925,0.033,0.7512,0.2809,-0.013,0.1083,0.0808,2026-09-09T18:44:40.735448742Z,62,FXE261016P00107000,0.37,0.63,0.5,0.0606,,,,,,,,
2026-09-09,EEM,68.63,2026-10-09,30,68.5,0.9981,EEM261009C00068500,1.75,1.95,1.85,0.2135,0.545,0.0944,-0.0314,0.078,0.0292,2026-09-09T18:45:01.067864172Z,1,EEM261009P00068500,1.47,1.58,1.525,0.2161,EEM261023C00068500,2026-10-23,44,68.5,2.25,2.44,2.345,0.2232
2026-09-09,EFA,106.69,2026-10-09,30,106.5,0.9982,EFA261009C00106500,1.96,2.26,2.11,0.1514,0.5528,0.0854,-0.0364,0.121,0.0467,2026-09-09T18:40:45.332551728Z,,EFA261009P00106500,1.35,1.7,1.525,0.1454,EFA261023C00106500,2026-10-23,44,106.5,2.39,2.76,2.575,0.1511
2026-09-09,XLK,187.995,2026-10-09,30,188.0,1.0,XLK261009C00188000,5.28,6.03,5.655,0.25,0.5311,0.0295,-0.099,0.2144,0.0774,2026-09-09T18:45:00.636539125Z,,XLK261009P00188000,5.15,5.63,5.39,0.2641,XLK261023C00188000,2026-10-23,44,188.0,6.62,7.28,6.95,0.251
2026-09-09,XLF,57.195,2026-10-09,30,57.0,0.9966,XLF261009C00057000,1.09,1.16,1.125,0.1415,0.5733,0.169,-0.0184,0.0643,0.026,2026-09-09T18:45:03.795151928Z,288,XLF261009P00057000,0.92,0.94,0.93,0.1702,XLF261023C00057000,2026-10-23,44,57.0,1.43,1.46,1.445,0.152
2026-09-09,XLE,65.33,2026-10-09,30,65.5,1.0026,XLE261009C00065500,1.81,1.87,1.84,0.2429,0.5184,0.0876,-0.0335,0.0747,0.0263,2026-09-09T18:45:03.983801979Z,65,XLE261009P00065500,2.13,2.19,2.16,0.2926,XLE261023C00065500,2026-10-23,44,65.5,2.28,2.39,2.335,0.2501
2026-09-09,XLV,166.685,2026-10-09,30,167.0,1.0019,XLV261009C00167000,2.69,3.16,2.925,0.1484,0.5194,0.0562,-0.0557,0.1904,0.0687,2026-09-09T18:45:00.227462303Z,20,XLV261009P00167000,3.08,3.38,3.23,0.1746,XLV261023C00167000,2026-10-23,44,167.0,3.52,3.88,3.7,0.1508
2026-09-09,XLP,83.27,2026-10-09,30,83.5,1.0028,XLP261009C00083500,1.14,1.32,1.23,0.1278,0.5108,0.1307,-0.0245,0.0952,0.0339,2026-09-09T18:44:56.864968825Z,4,XLP261009P00083500,1.65,1.92,1.785,0.1889,XLP261023C00083500,2026-10-23,44,83.5,1.62,1.66,1.64,0.1358
2026-09-09,XLU,43.065,2026-10-09,30,43.0,0.9985,XLU261009C00043000,0.62,0.74,0.68,0.1166,0.5625,0.2736,-0.0119,0.0487,0.0194,2026-09-09T18:45:02.61434191Z,19,XLU261009P00043000,0.75,0.88,0.815,0.1857,XLU261023C00043000,2026-10-23,44,43.0,0.84,0.98,0.91,0.1295
2026-09-09,XLI,172.27,2026-10-09,30,172.5,1.0013,XLI261009C00172500,3.4,3.97,3.685,0.1805,0.522,0.0447,-0.068,0.1967,0.0709,2026-09-09T18:42:31.585184797Z,19,XLI261009P00172500,3.42,4.03,3.725,0.1958,XLI261023C00172500,2026-10-23,44,172.5,4.35,4.88,4.615,0.1828
2026-09-09,XLY,112.79,2026-10-09,30,113.0,1.0019,XLY261009C00113000,2.08,2.79,2.435,0.1837,0.5194,0.0671,-0.0452,0.1288,0.0461,2026-09-09T18:44:16.362284642Z,,XLY261009P00113000,2.27,2.89,2.58,0.2052,XLY261023C00113000,2026-10-23,44,113.0,2.78,3.56,3.17,0.1935
2026-09-09,XLB,51.69,2026-10-09,30,51.5,0.9963,XLB261009C00051500,1.07,1.24,1.155,0.1643,0.5672,0.1615,-0.0189,0.0583,0.0231,2026-09-09T18:45:03.828611408Z,109,XLB261009P00051500,0.98,1.05,1.015,0.2008,XLB261023C00051500,2026-10-23,44,51.5,1.25,1.51,1.38,0.1617
2026-09-09,XRT,84.69,2026-10-09,30,84.5,0.9978,XRT261009C00084500,1.86,2.33,2.095,0.1947,0.5461,0.0839,-0.0357,0.0962,0.0363,2026-09-09T18:45:05.686226998Z,2,XRT261009P00084500,1.82,2.09,1.955,0.223,XRT261023C00084500,2026-10-23,44,84.5,2.19,2.81,2.5,0.19
2026-09-09,AAPL,314.25,2026-10-09,30,315.0,1.0024,AAPL261009C00315000,9.16,9.73,9.445,0.2662,0.5115,0.0167,-0.1747,0.3588,0.1242,2026-09-09T18:45:12.404152613Z,871,AAPL261009P00315000,9.15,9.74,9.445,0.2608,AAPL261023C00315000,2026-10-23,44,315.0,11.34,12.12,11.73,0.2673
2026-09-09,MSFT,492.27,2026-10-09,30,490.0,0.9954,MSFT261009C00490000,16.6,17.22,16.91,0.2666,0.5552,0.0105,-0.2741,0.5576,0.2107,2026-09-09T18:45:12.471181059Z,25,MSFT261009P00490000,12.38,12.85,12.615,0.2574,MSFT261023C00490000,2026-10-23,44,490.0,19.6,21,20.3,0.2649
2026-09-09,GOOGL,330.515,2026-10-09,30,330.0,0.9984,GOOGL261009C00330000,11.4,12.4,11.9,0.2954,0.5382,0.0142,-0.2023,0.3762,0.1364,2026-09-09T18:45:13.722917599Z,215,GOOGL261009P00330000,10.29,10.68,10.485,0.2975,GOOGL261023C00330000,2026-10-23,44,330.0,15.05,15.29,15.17,0.3104
2026-09-09,AMZN,252.6,2026-10-09,30,255.0,1.0095,AMZN261009C00255000,8.32,8.52,8.42,0.3177,0.4902,0.0173,-0.1648,0.2888,0.0949,2026-09-09T18:45:15.474967632Z,167,AMZN261009P00255000,9.52,9.63,9.575,0.3018,AMZN261023C00255000,2026-10-23,44,255.0,10.51,10.96,10.735,0.3237
2026-09-09,META,654.34,2026-10-09,30,655.0,1.001,META261009C00655000,29.06,30.58,29.82,0.3926,0.5277,0.0054,-0.5206,0.7461,0.2591,2026-09-09T18:45:13.125906616Z,80,META261009P00655000,28.23,29.58,28.905,0.3934,META261023C00655000,2026-10-23,44,655.0,36.86,37.16,37.01,0.3987
2026-09-09,NVDA,224.155,2026-10-09,30,225.0,1.0038,NVDA261009C00225000,8.74,8.89,8.815,0.3466,0.5173,0.0179,-0.159,0.2561,0.0881,2026-09-09T18:45:17.025867952Z,678,NVDA261009P00225000,8.83,8.98,8.905,0.3446,NVDA261023C00225000,2026-10-23,44,225.0,10.83,11.22,11.025,0.3524
2026-09-09,TSLA,368.79,2026-10-09,30,370.0,1.0033,TSLA261009C00370000,17.96,18.31,18.135,0.4302,0.5245,0.0088,-0.3199,0.4211,0.1441,2026-09-09T18:45:17.940792741Z,954,TSLA261009P00370000,17.54,17.71,17.625,0.4175,TSLA261023C00370000,2026-10-23,44,370.0,23.75,24.26,24.005,0.4655
2026-09-09,AMD,522.51,2026-10-09,30,525.0,1.0048,AMD261009C00525000,30.2,31.24,30.72,0.5221,0.525,0.0051,-0.5439,0.5964,0.2002,2026-09-09T18:45:16.821252007Z,79,AMD261009P00525000,30.71,31.94,31.325,0.5162,AMD261023C00525000,2026-10-23,44,525.0,37.21,38.91,38.06,0.5279
2026-09-09,PLTR,170.37,2026-10-09,30,170.0,0.9978,PLTR261009C00170000,9.52,9.65,9.585,0.4692,0.5429,0.0173,-0.1601,0.1938,0.0682,2026-09-09T18:45:18.904073629Z,120,PLTR261009P00170000,8.56,8.98,8.77,0.4751,PLTR261023C00170000,2026-10-23,44,170.0,12.08,12.25,12.165,0.4924
2026-09-09,COIN,176.43,2026-10-09,30,177.5,1.0061,COIN261009C00177500,13.21,13.63,13.42,0.6761,0.5334,0.0116,-0.235,0.2012,0.0663,2026-09-09T18:45:12.512203969Z,11,COIN261009P00177500,13.38,13.9,13.64,0.6646,COIN261023C00177500,2026-10-23,44,177.5,15.56,18.59,17.075,0.7037
2026-09-09,MSTR,133.79,2026-10-09,30,134.0,1.0016,MSTR261009C00134000,11.14,11.66,11.4,0.7443,0.5438,0.0139,-0.1948,0.152,0.0504,2026-09-09T18:45:21.237973733Z,14,MSTR261009P00134000,10.4,10.98,10.69,0.7036,MSTR261023C00134000,2026-10-23,44,134.0,13.14,17.26,15.2,0.8167
2026-09-09,SMCI,39.055,2026-10-09,30,39.0,0.9986,SMCI261009C00039000,3.18,3.43,3.305,0.7212,0.5505,0.049,-0.0551,0.0443,0.015,2026-09-09T18:45:21.724129943Z,30,SMCI261009P00039000,3.03,3.09,3.06,0.7088,SMCI261023C00039000,2026-10-23,44,39.0,3.92,4.22,4.07,0.7333
2026-09-09,JNJ,268.33,2026-10-09,30,270.0,1.0062,JNJ261009C00270000,6.68,7.19,6.935,0.2396,0.4949,0.0216,-0.1354,0.3068,0.1034,2026-09-09T18:45:16.173089236Z,1,JNJ261009P00270000,7.49,7.61,7.55,0.2313,JNJ261023C00270000,2026-10-23,44,270.0,8.51,10.07,9.29,0.2562
2026-09-09,PG,142.855,2026-10-09,30,143.0,1.001,PG261009C00143000,3.13,3.48,3.305,0.1934,0.5259,0.0503,-0.0599,0.163,0.059,2026-09-09T18:45:24.079991302Z,10,PG261009P00143000,2.77,2.96,2.865,0.1844,PG261023C00143000,2026-10-23,44,143.0,4.41,5.64,5.025,0.2415
2026-09-09,KO,88.105,2026-10-09,30,88.0,0.9988,KO261009C00088000,1.78,1.9,1.84,0.1642,0.5445,0.0956,-0.0321,0.1001,0.0379,2026-09-09T18:45:19.845823321Z,22,KO261009P00088000,1.89,2.06,1.975,0.2141,KO261023C00088000,2026-10-23,44,88.0,2.24,2.58,2.41,0.1771
2026-09-09,PEP,137.62,2026-10-09,30,138.0,1.0028,PEP261009C00138000,3.72,4.059,3.8895,0.2494,0.5116,0.0406,-0.0722,0.1572,0.0546,2026-09-09T18:45:22.958446645Z,42,PEP261009P00138000,3.78,3.97,3.875,0.2443,PEP261023C00138000,2026-10-23,44,138.0,3.91,4.81,4.36,0.2255
2026-09-09,WMT,105.945,2026-10-09,30,106.0,1.0005,WMT261009C00106000,3.01,3.26,3.135,0.2478,0.5285,0.0529,-0.0553,0.1209,0.0434,2026-09-09T18:45:26.497954975Z,34,WMT261009P00106000,2.6,2.7,2.65,0.23,WMT261023C00106000,2026-10-23,44,106.0,3.82,3.97,3.895,0.2512
2026-09-09,MCD,255.11,2026-10-09,30,255.0,0.9996,MCD261009C00255000,6.73,7.21,6.97,0.2241,0.534,0.0243,-0.1218,0.2907,0.1062,2026-09-09T18:45:26.29587145Z,4,MCD261009P00255000,5.62,6.07,5.845,0.2153,MCD261023C00255000,2026-10-23,44,255.0,8.039,8.91,8.4745,0.2224
2026-09-09,VZ,49.81,2026-10-09,30,50.0,1.0038,VZ261009C00050000,1.2,1.23,1.215,0.2151,0.5095,0.1298,-0.0229,0.057,0.0199,2026-09-09T18:45:26.44649253Z,51,VZ261009P00050000,1.55,1.63,1.59,0.2772,VZ261023C00050000,2026-10-23,44,50.0,1.42,1.61,1.515,0.2159
2026-09-09,JPM,356.18,2026-10-09,30,355.0,0.9967,JPM261009C00355000,10.16,10.3,10.23,0.2218,0.5541,0.0174,-0.1684,0.4037,0.1538,2026-09-09T18:45:29.086794297Z,26,JPM261009P00355000,8.52,9.23,8.875,0.2464,JPM261023C00355000,2026-10-23,44,355.0,12.9,13.76,13.33,0.241
2026-09-09,BAC,62.79,2026-10-09,30,63.0,1.0033,BAC261009C00063000,1.64,1.65,1.645,0.2295,0.5125,0.0965,-0.0306,0.0718,0.0251,2026-09-09T18:45:22.989806704Z,70,BAC261009P00063000,1.65,1.73,1.69,0.2349,BAC261023C00063000,2026-10-23,44,63.0,2.24,2.38,2.31,0.2609
2026-09-09,GS,1033.55,2026-10-09,30,1035.0,1.0014,GS261009C01035000,38.11,42.62,40.365,0.333,0.5273,0.004,-0.7066,1.1797,0.4149,2026-09-09T18:45:20.688366039Z,2,GS261009P01035000,35.72,39.56,37.64,0.3274,GS261023C01035000,2026-10-23,44,1035.0,50.32,55.68,53.0,0.3584
2026-09-09,XOM,164.46,2026-10-09,30,165.0,1.0033,XOM261009C00165000,5.5,5.7,5.6,0.2975,0.5172,0.0284,-0.1014,0.188,0.0653,2026-09-09T18:45:32.198614048Z,53,XOM261009P00165000,5.45,5.73,5.59,0.2974,XOM261023C00165000,2026-10-23,44,165.0,6.44,7.45,6.945,0.2997
2026-09-09,CVX,213.11,2026-10-09,30,215.0,1.0089,CVX261009C00215000,5.74,6.16,5.95,0.2653,0.4882,0.0246,-0.1179,0.2438,0.0807,2026-09-09T18:45:33.0095623Z,8,CVX261009P00215000,6.84,7.39,7.115,0.268,CVX261023C00215000,2026-10-23,44,215.0,6.97,8,7.485,0.2661
2026-09-09,CAT,816.725,2026-10-09,30,815.0,0.9979,CAT261009C00815000,35.11,39.66,37.385,0.3803,0.5392,0.0045,-0.6302,0.9292,0.3311,2026-09-09T18:45:23.732774664Z,2,CAT261009P00815000,31.89,33.14,32.515,0.3698,CAT261023C00815000,2026-10-23,44,815.0,42.28,49.32,45.8,0.3836
2026-09-09,BA,208.495,2026-10-09,30,210.0,1.0072,BA261009C00210000,6.55,7.08,6.815,0.3051,0.4964,0.0219,-0.1311,0.2383,0.0794,2026-09-09T18:45:34.399931395Z,60,BA261009P00210000,7.5,8.01,7.755,0.3041,BA261023C00210000,2026-10-23,44,210.0,8.41,9.31,8.86,0.3179
2026-09-09,UNH,391.845,2026-10-09,30,390.0,0.9953,UNH261009C00390000,14.12,14.44,14.28,0.2812,0.5578,0.0125,-0.229,0.4438,0.168,2026-09-09T18:45:35.42151634Z,121,UNH261009P00390000,12.91,13.87,13.39,0.3357,UNH261023C00390000,2026-10-23,44,390.0,18.38,20.24,19.31,0.3203
2026-09-09,COST,900.12,2026-10-09,30,900.0,0.9999,COST261009C00900000,27.72,28.13,27.925,0.2562,0.5335,0.006,-0.4846,1.0261,0.3719,2026-09-09T18:45:34.496290615Z,12,COST261009P00900000,23.87,25.65,24.76,0.2558,COST261023C00900000,2026-10-23,44,900.0,31.97,34.5,33.235,0.249
2026-09-09,LQD,105.32,2026-10-09,30,105.5,1.0017,LQD261009C00105500,0.63,0.65,0.64,0.0467,0.5448,0.2811,-0.0151,0.1197,0.0466,2026-09-09T18:45:35.48495932Z,1,LQD261009P00105500,0.86,0.89,0.875,0.0787,LQD261023C00105500,2026-10-23,44,105.5,0.81,0.89,0.85,0.0472
2026-09-09,HYG,79.045,2026-10-09,30,79.0,0.9994,HYG261009C00079000,0.35,0.49,0.42,0.0285,0.668,0.5612,-0.0093,0.0823,0.043,2026-09-09T18:45:24.415821748Z,5,HYG261009P00079000,0.45,0.52,0.485,0.0678,HYG261023C00079000,2026-10-23,44,79.0,0.36,0.57,0.465,0.0195
2026-09-09,FXI,34.62,2026-10-09,30,34.5,0.9965,FXI261009C00034500,0.84,1.07,0.955,0.2121,0.5549,0.1877,-0.0157,0.0392,0.015,2026-09-09T18:45:15.167550977Z,1,FXI261009P00034500,0.61,0.72,0.665,0.1958,FXI261023C00034500,2026-10-23,44,34.5,1.03,1.27,1.15,0.2106
2026-09-09,XLC,111.065,2026-10-09,30,111.0,0.9994,XLC261009C00111000,1.97,2.38,2.175,0.1569,0.5378,0.0795,-0.039,0.1264,0.0473,2026-09-09T18:45:39.446235311Z,,XLC261009P00111000,1.87,2.17,2.02,0.1732,XLC261023C00111000,2026-10-23,44,111.0,2.53,3.08,2.805,0.1653
2026-09-09,XLRE,43.495,2026-10-16,37,43.0,0.9886,XLRE261016C00043000,0.82,1.18,1.0,0.1136,0.6677,0.2309,-0.0106,0.0503,0.0284,2026-09-09T18:42:49.831257164Z,1,XLRE261016P00043000,0.57,0.68,0.625,0.1665,,,,,,,,
2026-09-09,SMH,574.1,2026-10-09,30,575.0,1.0016,SMH261009C00575000,22.86,24.58,23.72,0.3543,0.5268,0.0068,-0.4155,0.6552,0.2291,2026-09-09T18:45:32.690948174Z,6,SMH261009P00575000,22.08,25.06,23.57,0.3666,SMH261023C00575000,2026-10-23,44,575.0,28.48,31.54,30.01,0.3667
2026-09-09,XBI,160.01,2026-10-09,30,160.0,0.9999,XBI261009C00160000,5.38,6.28,5.83,0.3044,0.5326,0.0285,-0.1007,0.1824,0.0653,2026-09-09T18:45:19.106372367Z,18,XBI261009P00160000,4.83,5.83,5.33,0.3061,XBI261023C00160000,2026-10-23,44,160.0,6.8,7.98,7.39,0.3167
2026-09-09,KRE,73.335,2026-10-09,30,73.5,1.0022,KRE261009C00073500,1.58,1.96,1.77,0.2075,0.5174,0.0914,-0.0327,0.0838,0.0297,2026-09-09T18:43:56.772831493Z,44,KRE261009P00073500,2,2.24,2.12,0.2565,KRE261023C00073500,2026-10-23,44,73.5,1.98,2.52,2.25,0.2134
2026-09-09,GDX,99.87,2026-10-09,30,100.0,1.0013,GDX261009C00100000,5.17,5.57,5.37,0.4645,0.531,0.0299,-0.093,0.1138,0.0392,2026-09-09T18:45:44.053593532Z,39,GDX261009P00100000,4.97,5.2,5.085,0.4524,GDX261023C00100000,2026-10-23,44,100.0,6.36,6.68,6.52,0.462
2026-09-09,IBIT,44.45,2026-10-09,30,44.5,1.0011,IBIT261009C00044500,2.06,2.07,2.065,0.4008,0.5277,0.078,-0.0361,0.0507,0.0176,2026-09-09T18:45:44.554677226Z,197,IBIT261009P00044500,1.94,1.97,1.955,0.3913,IBIT261023C00044500,2026-10-23,44,44.5,2.47,2.52,2.495,0.396
2026-09-09,XHB,99.62,2026-10-09,30,100.0,1.0038,XHB261009C00100000,2.67,4.07,3.37,0.3016,0.5111,0.0463,-0.0621,0.1138,0.0391,2026-09-09T18:45:26.729645135Z,,XHB261009P00100000,2.58,3.84,3.21,0.2759,XHB261023C00099500,2026-10-23,44,99.5,3.63,5.22,4.425,0.3029
2026-09-09,XOP,194.43,2026-10-09,30,194.0,0.9978,XOP261009C00194000,6.87,7.66,7.265,0.3013,0.5442,0.0236,-0.1212,0.2211,0.081,2026-09-09T18:45:37.929305039Z,2,XOP261009P00194000,6.56,7.45,7.005,0.3409,XOP261023C00194000,2026-10-23,44,194.0,8.119,9.43,8.7745,0.2998
2026-09-09,AVGO,363.64,2026-10-09,30,365.0,1.0037,AVGO261009C00365000,14.81,15.33,15.07,0.3651,0.5185,0.0105,-0.2706,0.4155,0.1426,2026-09-09T18:45:29.126700476Z,176,AVGO261009P00365000,16.04,16.34,16.19,0.3866,AVGO261023C00365000,2026-10-23,44,365.0,19.13,19.83,19.48,0.3842
2026-09-09,ORCL,163.36,2026-10-09,30,162.5,0.9947,ORCL261009C00162500,13.52,14.17,13.845,0.7124,0.5552,0.0119,-0.2274,0.1849,0.0631,2026-09-09T18:45:47.463854822Z,142,ORCL261009P00162500,12.73,13.01,12.87,0.7263,ORCL261023C00162500,2026-10-23,44,162.5,15.33,15.99,15.66,0.6644
2026-09-09,CRM,246.21,2026-10-09,30,245.0,0.9951,CRM261009C00245000,11.98,12.48,12.23,0.4005,0.5504,0.014,-0.1991,0.2793,0.1013,2026-09-09T18:45:43.519115863Z,10,CRM261009P00245000,10.26,10.64,10.45,0.4067,CRM261023C00245000,2026-10-23,44,245.0,14.32,15.98,15.15,0.4118
2026-09-09,ADBE,256.29,2026-10-09,30,255.0,0.995,ADBE261009C00255000,16.23,17.49,16.86,0.5465,0.5493,0.0099,-0.2774,0.2906,0.1017,2026-09-09T18:45:50.236305749Z,24,ADBE261009P00255000,14.55,15.21,14.88,0.5412,ADBE261023C00255000,2026-10-23,44,255.0,18.76,20.96,19.86,0.5315
2026-09-09,INTC,105.89,2026-10-09,30,105.0,0.9916,INTC261009C00105000,8.4,8.48,8.44,0.6538,0.5602,0.0199,-0.1356,0.1196,0.0418,2026-09-09T18:45:50.785874479Z,447,INTC261009P00105000,7.04,7.2,7.12,0.6385,INTC261023C00105000,2026-10-23,44,105.0,10.93,11.25,11.09,0.718
2026-09-09,MU,1025.91,2026-10-09,30,1025.0,0.9991,MU261009C01025000,76.48,82.33,79.405,0.6589,0.5471,0.002,-1.3298,1.1658,0.3963,2026-09-09T18:45:51.631355198Z,29,MU261009P01025000,71.67,75.49,73.58,0.6488,MU261023C01025000,2026-10-23,44,1025.0,92.72,96.01,94.365,0.6452
2026-09-09,QCOM,176.61,2026-10-09,30,175.0,0.9909,QCOM261009C00175000,10.07,10.5,10.285,0.4581,0.5626,0.017,-0.1614,0.1995,0.0732,2026-09-09T18:45:43.631228903Z,48,QCOM261009P00175000,7.77,8.51,8.14,0.4566,QCOM261023C00175000,2026-10-23,44,175.0,11.34,13.4,12.37,0.4592
2026-09-09,TSM,433.63,2026-10-09,30,435.0,1.0032,TSM261009C00435000,15.68,16.27,15.975,0.3222,0.5184,0.0099,-0.2875,0.4955,0.1716,2026-09-09T18:45:37.723189999Z,226,TSM261009P00435000,16.43,16.72,16.575,0.3343,TSM261023C00435000,2026-10-23,44,435.0,21.38,22.07,21.725,0.3569
2026-09-09,NFLX,76.125,2026-10-09,30,76.0,0.9984,NFLX261009C00076000,3.03,3.13,3.08,0.3327,0.5395,0.0547,-0.052,0.0867,0.0312,2026-09-09T18:45:53.225197624Z,247,NFLX261009P00076000,2.52,2.64,2.58,0.3181,NFLX261023C00076000,2026-10-23,44,76.0,4.56,4.94,4.75,0.4288
2026-09-09,CSCO,109.325,2026-10-09,30,109.0,0.997,CSCO261009C00109000,3.68,4.37,4.025,0.2966,0.5444,0.0427,-0.0671,0.1242,0.0456,2026-09-09T18:45:49.196038271Z,16,CSCO261009P00109000,3.27,3.66,3.465,0.3031,CSCO261023C00109000,2026-10-23,44,109.0,4.67,5.41,5.04,0.307
2026-09-09,TXN,261.145,2026-10-09,30,260.0,0.9956,TXN261009C00260000,12.45,13.13,12.79,0.3982,0.5476,0.0133,-0.2101,0.2965,0.107,2026-09-09T18:45:45.640243604Z,17,TXN261009P00260000,10.08,10.83,10.455,0.382,TXN261023C00260000,2026-10-23,44,260.0,15.82,18.52,17.17,0.4456
2026-09-09,MS,216.185,2026-10-09,30,215.0,0.9945,MS261009C00215000,7.96,8.54,8.25,0.2956,0.5576,0.0215,-0.1321,0.2447,0.0923,2026-09-09T18:45:57.105705898Z,8,MS261009P00215000,6.14,6.72,6.43,0.2977,MS261023C00215000,2026-10-23,44,215.0,10.22,11.69,10.955,0.3299
2026-09-09,WFC,89.855,2026-10-09,30,90.0,1.0016,WFC261009C00090000,2.66,2.8,2.73,0.2587,0.5236,0.0598,-0.0488,0.1026,0.0364,2026-09-09T18:45:58.336824319Z,9,WFC261009P00090000,2.49,2.51,2.5,0.2505,WFC261023C00090000,2026-10-23,44,90.0,3.57,3.9,3.735,0.2893
2026-09-09,C,138.14,2026-10-09,30,138.0,0.999,C261009C00138000,4.74,4.97,4.855,0.2894,0.5365,0.0347,-0.083,0.1573,0.0569,2026-09-09T18:45:08.199167413Z,9,C261009P00138000,3.88,4.67,4.275,0.289,C261023C00138000,2026-10-23,44,138.0,5.69,6.79,6.24,0.3064
2026-09-09,AXP,322.82,2026-10-09,30,325.0,1.0068,AXP261009C00325000,7.79,8.42,8.105,0.2377,0.4882,0.0181,-0.1614,0.3688,0.1228,2026-09-09T18:45:57.106605038Z,3,AXP261009P00325000,9.73,10.82,10.275,0.2586,AXP261023C00325000,2026-10-23,44,325.0,10.67,12.78,11.725,0.2724
2026-09-09,SCHW,106.88,2026-10-09,30,107.0,1.0011,SCHW261009C00107000,3.03,3.57,3.3,0.2606,0.5266,0.0498,-0.0584,0.122,0.0436,2026-09-09T18:46:00.054136361Z,4,SCHW261009P00107000,2.76,3,2.88,0.2453,SCHW261023C00107000,2026-10-23,44,107.0,4.22,5.2,4.71,0.3054
2026-09-09,LLY,1121.7,2026-10-09,30,1120.0,0.9985,LLY261009C01120000,42.51,49.7,46.105,0.3399,0.5381,0.0036,-0.7807,1.277,0.4582,2026-09-09T18:45:59.593448839Z,1,LLY261009P01120000,38,40.87,39.435,0.3279,LLY261023C01120000,2026-10-23,44,1120.0,49.57,62.36,55.965,0.3392
2026-09-09,ABBV,249.835,2026-10-09,30,250.0,1.0007,ABBV261009C00250000,7.57,7.94,7.755,0.2636,0.525,0.0211,-0.1379,0.285,0.1014,2026-09-09T18:45:56.322625443Z,1,ABBV261009P00250000,6.79,7.43,7.11,0.2574,ABBV261023C00250000,2026-10-23,44,250.0,8.25,9.79,9.02,0.2491
2026-09-09,PFE,27.925,2026-10-09,30,28.0,1.0027,PFE261009C00028000,0.71,0.75,0.73,0.2309,0.5102,0.2159,-0.0137,0.0319,0.0111,2026-09-09T18:46:03.059328839Z,2,PFE261009P00028000,0.69,0.75,0.72,0.225,PFE261023C00028000,2026-10-23,44,28.0,0.85,1.02,0.935,0.2386
2026-09-09,MRK,148.32,2026-10-09,30,148.0,0.9978,MRK261009C00148000,4.52,5.39,4.955,0.2696,0.5422,0.0346,-0.0835,0.1687,0.062,2026-09-09T18:45:40.399971325Z,1,MRK261009P00148000,4.45,5.32,4.885,0.3111,MRK261023C00148000,2026-10-23,44,148.0,5.77,6.74,6.255,0.2809
2026-09-09,TMO,605.7,2026-10-09,30,610.0,1.0071,TMO261009C00610000,17.62,19.66,18.64,0.2889,0.4938,0.008,-0.362,0.6922,0.2303,2026-09-09T18:45:52.704102184Z,1,TMO261009P00610000,20.48,22.74,21.61,0.2904,TMO261023C00610000,2026-10-23,44,610.0,23.86,32.689,28.2745,0.3486
2026-09-09,HD,311.585,2026-10-09,30,310.0,0.9949,HD261009C00310000,10.35,10.71,10.53,0.262,0.5554,0.0169,-0.1707,0.3527,0.1335,2026-09-09T18:46:04.161004451Z,6,HD261009P00310000,7.58,7.8,7.69,0.2488,HD261023C00310000,2026-10-23,44,310.0,12,12.87,12.435,0.2554
2026-09-09,NKE,37.25,2026-10-09,30,37.0,0.9933,NKE261009C00037000,2.16,2.21,2.185,0.4736,0.5546,0.0782,-0.0352,0.0422,0.0152,2026-09-09T18:46:05.114088089Z,69,NKE261009P00037000,1.73,1.84,1.785,0.4614,NKE261023C00037000,2026-10-23,44,37.0,2.34,2.45,2.395,0.4269
2026-09-09,TGT,159.6,2026-10-09,30,160.0,1.0025,TGT261009C00160000,5.28,5.58,5.43,0.2978,0.5169,0.0293,-0.0984,0.1823,0.0633,2026-09-09T18:45:51.491207472Z,2,TGT261009P00160000,5.18,5.53,5.355,0.2935,TGT261023C00160000,2026-10-23,44,160.0,6.44,7.18,6.81,0.3034
2026-09-09,LOW,198.985,2026-10-09,30,200.0,1.0051,LOW261009C00200000,5.97,6.28,6.125,0.2798,0.5035,0.025,-0.1157,0.2275,0.0773,2026-09-09T18:46:03.302236685Z,15,LOW261009P00200000,6.41,6.62,6.515,0.275,LOW261023C00200000,2026-10-23,44,200.0,6.9,8.1,7.5,0.276
2026-09-09,DIS,104.47,2026-10-09,30,104.0,0.9955,DIS261009C00104000,3.44,3.63,3.535,0.2552,0.5638,0.0514,-0.0559,0.1181,0.0456,2026-09-09T18:46:00.058432136Z,7,DIS261009P00104000,2.32,2.88,2.6,0.256,DIS261023C00104000,2026-10-23,44,104.0,3.5,4.54,4.02,0.239
2026-09-09,GE,325.76,2026-10-09,30,325.0,0.9977,GE261009C00325000,11.44,12.69,12.065,0.3011,0.5416,0.0141,-0.2028,0.3705,0.1351,2026-09-09T18:45:58.491899107Z,5,GE261009P00325000,10.32,10.88,10.6,0.308,GE261023C00325000,2026-10-23,44,325.0,16.28,17.2,16.74,0.3476
2026-09-09,DE,676.45,2026-10-09,30,680.0,1.0052,DE261009C00680000,20.81,22.85,21.83,0.295,0.5027,0.007,-0.4127,0.773,0.2613,2026-09-09T18:46:08.356931255Z,1,DE261009P00680000,23.54,26.33,24.935,0.3089,DE261023C00680000,2026-10-23,44,680.0,25.14,30.68,27.91,0.3036
2026-09-09,LMT,526.1,2026-10-09,30,525.0,0.9979,LMT261009C00525000,16,18.42,17.21,0.2689,0.5363,0.0098,-0.2954,0.5986,0.2175,2026-09-09T18:45:16.823730573Z,1,LMT261009P00525000,13.14,15.97,14.555,0.2601,LMT261023C00525000,2026-10-23,44,525.0,22.23,28.39,25.31,0.3285
2026-09-09,UPS,99.55,2026-10-09,30,100.0,1.0045,UPS261009C00100000,2.54,2.78,2.66,0.2395,0.5057,0.0584,-0.0503,0.1139,0.0392,2026-09-09T18:46:06.629256818Z,2,UPS261009P00100000,2.67,2.83,2.75,0.2353,UPS261023C00100000,2026-10-23,44,100.0,3.11,3.82,3.465,0.2511
2026-09-09,RTX,199.06,2026-10-09,30,200.0,1.0047,RTX261009C00200000,5.16,5.64,5.4,0.2514,0.4962,0.0279,-0.1048,0.2273,0.0766,2026-09-09T18:46:13.152842875Z,3,RTX261009P00200000,5.78,6.08,5.93,0.2459,RTX261023C00200000,2026-10-23,44,200.0,6.83,8.38,7.605,0.2827
2026-09-09,COP,136.92,2026-10-09,30,137.0,1.0006,COP261009C00137000,5.03,5.35,5.19,0.3182,0.5316,0.0318,-0.0898,0.1562,0.0556,2026-09-09T18:46:12.181604782Z,2,COP261009P00137000,4.52,4.98,4.75,0.317,COP261023C00137000,2026-10-23,44,137.0,5.51,6.98,6.245,0.3133
2026-09-09,SLB,57.51,2026-10-09,30,58.0,1.0085,SLB261009C00058000,2.15,2.26,2.205,0.3595,0.498,0.0673,-0.0421,0.0657,0.0217,2026-09-09T18:46:14.303910121Z,7,SLB261009P00058000,2.48,2.69,2.585,0.3657,SLB261023C00058000,2026-10-23,44,58.0,2.87,3.24,3.055,0.3988
2026-09-09,OXY,61.415,2026-10-09,30,61.0,0.9932,OXY261009C00061000,2.33,2.63,2.48,0.3075,0.5641,0.0727,-0.0388,0.0694,0.0265,2026-09-09T18:46:16.831069375Z,28,OXY261009P00061000,2.05,2.24,2.145,0.3503,OXY261023C00061000,2026-10-23,44,61.0,2.78,3.13,2.955,0.3049
2026-09-09,NEE,83.195,2026-10-09,30,83.0,0.9977,NEE261009C00083000,2.029,2.29,2.1595,0.2042,0.5469,0.0814,-0.0366,0.0945,0.0356,2026-09-09T18:46:17.243164607Z,1,NEE261009P00083000,1.71,1.93,1.82,0.2137,NEE261023C00083000,2026-10-23,44,83.0,2.42,3.5,2.96,0.2331
2026-09-09,DUK,120.64,2026-10-16,37,120.0,0.9947,DUK261016C00120000,2.72,3.54,3.13,0.1691,0.5743,0.0604,-0.0412,0.1505,0.067,2026-09-09T18:46:05.365629405Z,124,DUK261016P00120000,2.07,2.38,2.225,0.1778,,,,,,,,
2026-09-09,T,25.26,2026-10-09,30,25.5,1.0095,T261009C00025500,0.61,0.62,0.615,0.2383,0.4775,0.2308,-0.0126,0.0289,0.0094,2026-09-09T18:46:16.847114104Z,336,T261009P00025500,0.81,0.92,0.865,0.2706,T261023C00025500,2026-10-23,44,25.5,0.77,0.98,0.875,0.2662
2026-09-09,CMCSA,24.64,2026-10-09,30,25.0,1.0146,CMCSA261009C00025000,0.4,0.91,0.655,0.2807,0.4565,0.2001,-0.0142,0.028,0.0087,2026-09-09T18:46:20.030339705Z,11,CMCSA261009P00025000,0.9,1.5,1.2,0.3687,CMCSA261023C00025000,2026-10-23,44,25.0,0.75,1.01,0.88,0.2933
2026-09-09,RIVN,16.085,2026-10-09,30,16.0,0.9947,RIVN261009C00016000,1.05,1.28,1.165,0.6023,0.5522,0.1425,-0.0191,0.0182,0.0063,2026-09-09T18:46:17.577744604Z,31,RIVN261009P00016000,1.01,1.05,1.03,0.5964,RIVN261023C00016000,2026-10-23,44,16.0,1.2,1.5,1.35,0.5762
2026-09-09,SOFI,17.395,2026-10-09,30,17.5,1.006,SOFI261009C00017500,0.93,1.01,0.97,0.5,0.5204,0.1598,-0.0174,0.0199,0.0066,2026-09-09T18:46:17.178389033Z,1381,SOFI261009P00017500,1.02,1.05,1.035,0.507,SOFI261023C00017500,2026-10-23,44,17.5,1.13,1.22,1.175,0.4932
2026-09-09,HOOD,116.66,2026-10-09,30,117.0,1.0029,HOOD261009C00117000,8.35,8.58,8.465,0.635,0.5364,0.0187,-0.1462,0.1329,0.0445,2026-09-09T18:46:16.850382411Z,15,HOOD261009P00117000,8.07,8.32,8.195,0.6154,HOOD261023C00117000,2026-10-23,44,117.0,9.98,10.94,10.46,0.6436
2026-09-09,MARA,11.9,2026-10-09,30,12.0,1.0084,MARA261009C00012000,1.11,1.21,1.16,0.8692,0.5432,0.1336,-0.0202,0.0135,0.0044,2026-09-09T18:46:19.978142671Z,112,MARA261009P00012000,1.19,1.2,1.195,0.8596,MARA261023C00012000,2026-10-23,44,12.0,1.37,1.45,1.41,0.8657
2026-09-09,RBLX,44.83,2026-10-09,30,45.0,1.0038,RBLX261009C00045000,3.27,3.38,3.325,0.6486,0.5372,0.0476,-0.0574,0.0511,0.0171,2026-09-09T18:46:10.032378016Z,7,RBLX261009P00045000,3.23,3.43,3.33,0.6502,RBLX261023C00045000,2026-10-23,44,45.0,3.73,4.33,4.03,0.6448
2026-09-09,SNOW,333.53,2026-10-09,30,335.0,1.0044,SNOW261009C00335000,16.93,18.27,17.6,0.4665,0.5231,0.0089,-0.3123,0.3809,0.129,2026-09-09T18:46:22.161328617Z,1,SNOW261009P00335000,16.83,18.93,17.88,0.4635,SNOW261023C00335000,2026-10-23,44,335.0,20.16,21.65,20.905,0.452
2026-09-09,CRWD,207.8,2026-10-09,30,210.0,1.0106,CRWD261009C00210000,11.38,11.88,11.63,0.5203,0.5096,0.0129,-0.2157,0.2376,0.0775,2026-09-09T18:46:25.091075645Z,182,CRWD261009P00210000,12.87,13.85,13.36,0.527,CRWD261023C00210000,2026-10-23,44,210.0,13.79,15.46,14.625,0.5289
2026-09-10,SPY,757.57,2026-10-09,29,758.0,1.0006,SPY261009C00758000,12.33,12.37,12.35,0.1342,0.5328,0.0139,-0.2366,0.849,0.3109,2026-09-10T18:35:41.087986063Z,548,SPY261009P00758000,12.13,12.16,12.145,0.1531,SPY261023C00758000,2026-10-23,43,758.0,15.95,16,15.975,0.1398
2026-09-10,DIA,520.18,2026-10-09,29,520.0,0.9997,DIA261009C00520000,8.68,9.11,8.895,0.1372,0.5416,0.0197,-0.1656,0.5817,0.2168,2026-09-10T18:35:38.633669454Z,1,DIA261009P00520000,8.07,8.189,8.1295,0.1534,DIA261023C00520000,2026-10-23,43,520.0,10.83,11.08,10.955,0.1361
2026-09-10,QQQ,709.2,2026-10-09,29,709.0,0.9997,QQQ261009C00709000,16.76,16.9,16.83,0.1962,0.5351,0.0101,-0.3059,0.7945,0.2882,2026-09-10T18:35:43.313484031Z,83,QQQ261009P00709000,15.31,15.44,15.375,0.2076,QQQ261023C00709000,2026-10-23,43,709.0,21.11,21.32,21.215,0.201
2026-09-10,IWM,287.46,2026-10-09,29,287.5,1.0001,IWM261009C00287500,6.32,6.47,6.395,0.1852,0.5322,0.0265,-0.1179,0.3222,0.1165,2026-09-10T18:35:44.340217628Z,48,IWM261009P00287500,6.31,6.55,6.43,0.2117,IWM261023C00287500,2026-10-23,43,287.5,7.95,8.119,8.0345,0.1884
2026-09-10,MDY,673.315,2026-10-16,36,675.0,1.0025,MDY261016C00675000,12.92,15.34,14.13,0.1636,0.5181,0.0115,-0.2258,0.8426,0.3301,2026-09-10T18:31:40.683107223Z,,MDY261016P00675000,12.34,15.12,13.73,0.1669,,,,,,,,
2026-09-10,GLD,397.32,2026-10-09,29,397.0,0.9992,GLD261009C00397000,12.4,12.89,12.645,0.2655,0.5361,0.0134,-0.2243,0.445,0.1592,2026-09-10T18:35:42.759579417Z,4,GLD261009P00397000,10.8,11.09,10.945,0.2629,GLD261023C00397000,2026-10-23,43,397.0,14.63,15.15,14.89,0.2541
2026-09-10,SLV,57.62,2026-10-09,29,57.5,0.9979,SLV261009C00057500,3.02,3.11,3.065,0.4525,0.5407,0.054,-0.0532,0.0644,0.0223,2026-09-10T18:35:46.220402923Z,6,SLV261009P00057500,2.7,2.72,2.71,0.441,SLV261023C00057500,2026-10-23,43,57.5,3.62,3.74,3.68,0.4449
2026-09-10,TLT,80.83,2026-10-09,29,81.0,1.0021,TLT261009C00081000,1.07,1.09,1.08,0.1149,0.5172,0.1522,-0.0222,0.0908,0.0324,2026-09-10T18:35:47.380694656Z,768,TLT261009P00081000,1.18,1.24,1.21,0.137,TLT261023C00081000,2026-10-23,43,81.0,1.29,1.31,1.3,0.1089
2026-09-10,IEF,91.175,2026-10-09,29,91.0,0.9981,IEF261009C00091000,0.79,0.88,0.835,0.057,0.6238,0.2591,-0.0153,0.0976,0.0445,2026-09-10T18:35:47.961813699Z,3,IEF261009P00091000,0.61,0.65,0.63,0.0817,IEF261023C00091000,2026-10-23,43,91.0,0.97,1.06,1.015,0.0551
2026-09-10,USO,157.36,2026-10-09,29,157.5,1.0009,USO261009C00157500,9.84,10.99,10.415,0.5762,0.5396,0.0155,-0.1827,0.1762,0.0593,2026-09-10T18:35:48.268836043Z,1,USO261009P00157500,9.34,10.24,9.79,0.5673,USO261023C00157500,2026-10-23,43,157.5,11.37,13.33,12.35,0.5584
2026-09-10,UNG,10.22,2026-10-09,29,10.0,0.9785,UNG261009C00010000,0.59,0.63,0.61,0.4239,0.602,0.3163,-0.0087,0.0111,0.0044,2026-09-10T18:35:50.630587151Z,19,UNG261009P00010000,0.34,0.47,0.405,0.4551,UNG261023C00010000,2026-10-23,43,10.0,0.68,0.8,0.74,0.4382
2026-09-10,FXE,107.225,2026-10-16,36,107.0,0.9979,FXE261016C00107000,0.47,1.18,0.825,0.0367,0.679,0.29,-0.0135,0.1205,0.071,2026-09-10T18:32:19.166980917Z,62,FXE261016P00107000,0.38,0.87,0.625,0.0656,,,,,,,,
2026-09-10,EEM,67.005,2026-10-09,29,67.0,0.9999,EEM261009C00067000,1.79,1.87,1.83,0.2291,0.5321,0.0919,-0.0331,0.0751,0.0269,2026-09-10T18:35:48.898809305Z,3,EEM261009P00067000,1.4,1.65,1.525,0.2163,EEM261023C00067000,2026-10-23,43,67.0,2.17,2.31,2.24,0.2276
2026-09-10,EFA,105.52,2026-10-09,29,105.5,0.9998,EFA261009C00105500,1.8,2.2,2.0,0.1523,0.5419,0.0876,-0.0367,0.1181,0.0439,2026-09-10T18:34:26.164096422Z,1,EFA261009P00105500,1.34,1.71,1.525,0.1441,EFA261023C00105500,2026-10-23,43,105.5,2.32,2.64,2.48,0.1529
2026-09-10,XLK,185.35,2026-10-09,29,185.0,0.9981,XLK261009C00185000,5.72,6.47,6.095,0.2705,0.5412,0.0281,-0.1064,0.2073,0.0749,2026-09-10T18:35:48.167030109Z,20,XLK261009P00185000,4.97,5.41,5.19,0.2712,XLK261023C00185000,2026-10-23,43,185.0,6.87,8.14,7.505,0.2726
2026-09-10,XLF,56.745,2026-10-09,29,56.5,0.9957,XLF261009C00056500,1.15,1.2,1.175,0.1501,0.5768,0.1631,-0.0194,0.0626,0.0251,2026-09-10T18:35:53.755629379Z,11,XLF261009P00056500,0.86,1.01,0.935,0.1777,XLF261023C00056500,2026-10-23,43,56.5,1.44,1.58,1.51,0.1612
2026-09-10,XLE,65.085,2026-10-09,29,65.0,0.9987,XLE261009C00065000,1.91,2.04,1.975,0.2517,0.5373,0.086,-0.035,0.0729,0.0262,2026-09-10T18:35:52.589379457Z,54,XLE261009P00065000,1.93,2,1.965,0.2871,XLE261023C00065000,2026-10-23,43,65.0,2.37,2.49,2.43,0.2526
2026-09-10,XLV,165.87,2026-10-09,29,166.0,1.0008,XLV261009C00166000,2.69,3.01,2.85,0.1442,0.5272,0.0591,-0.0549,0.186,0.0672,2026-09-10T18:35:47.394439729Z,6,XLV261009P00166000,2.9,3.29,3.095,0.1747,XLV261023C00166000,2026-10-23,43,166.0,3.51,4,3.755,0.1529
2026-09-10,XLP,83.265,2026-10-09,29,83.5,1.0028,XLP261009C00083500,1.18,1.3,1.24,0.1323,0.5078,0.1285,-0.0256,0.0936,0.0326,2026-09-10T18:35:55.145317632Z,5,XLP261009P00083500,1.7,1.8,1.75,0.1871,XLP261023C00083500,2026-10-23,43,83.5,1.6,1.73,1.665,0.1406
2026-09-10,XLU,42.625,2026-10-09,29,42.5,0.9971,XLU261009C00042500,0.73,0.79,0.76,0.1292,0.5754,0.2522,-0.0129,0.0471,0.0189,2026-09-10T18:35:46.229222094Z,9,XLU261009P00042500,0.68,0.77,0.725,0.1782,XLU261023C00042500,2026-10-23,43,42.5,0.91,1.01,0.96,0.135
2026-09-10,XLI,170.21,2026-10-09,29,170.0,0.9988,XLI261009C00170000,3.65,4.08,3.865,0.1822,0.5442,0.0454,-0.0689,0.1903,0.0705,2026-09-10T18:35:58.75264638Z,21,XLI261009P00170000,3.02,3.58,3.3,0.1917,XLI261023C00170000,2026-10-23,43,170.0,4.62,5.22,4.92,0.1896
2026-09-10,XLY,112.075,2026-10-09,29,112.0,0.9993,XLY261009C00112000,2.38,2.95,2.665,0.1944,0.5387,0.0647,-0.048,0.1255,0.0459,2026-09-10T18:35:59.120309569Z,,XLY261009P00112000,2.08,2.45,2.265,0.1966,XLY261023C00112000,2026-10-23,43,112.0,2.97,3.65,3.31,0.1964
2026-09-10,XLB,50.64,2026-10-09,29,50.5,0.9972,XLB261009C00050500,0.97,1.22,1.095,0.1646,0.561,0.1678,-0.0188,0.0563,0.0217,2026-09-10T18:35:59.077012006Z,,XLB261009P00050500,0.84,1.09,0.965,0.1956,XLB261023C00050500,2026-10-23,43,50.5,1.31,1.5,1.405,0.1746
2026-09-10,XRT,83.49,2026-10-09,29,83.5,1.0001,XRT261009C00083500,1.85,2.22,2.035,0.2044,0.5308,0.0827,-0.0373,0.0936,0.0336,2026-09-10T18:35:51.31182869Z,,XRT261009P00083500,1.81,2.22,2.015,0.2272,XRT261023C00083500,2026-10-23,43,83.5,2.28,2.88,2.58,0.2103
2026-09-10,AAPL,324.075,2026-10-09,29,325.0,1.0029,AAPL261009C00325000,9.32,9.72,9.52,0.2597,0.5166,0.0168,-0.1793,0.3642,0.1255,2026-09-10T18:36:03.027128952Z,775,AAPL261009P00325000,9.21,9.38,9.295,0.2567,AAPL261023C00325000,2026-10-23,43,325.0,11.69,11.8,11.745,0.2582
2026-09-10,MSFT,491.15,2026-10-09,29,490.0,0.9977,MSFT261009C00490000,15.41,15.77,15.59,0.2602,0.5418,0.011,-0.2721,0.5491,0.199,2026-09-10T18:36:04.427031701Z,70,MSFT261009P00490000,12.81,13.57,13.19,0.2612,MSFT261023C00490000,2026-10-23,43,490.0,18.9,21.08,19.99,0.2741
2026-09-10,GOOGL,331.895,2026-10-09,29,330.0,0.9943,GOOGL261009C00330000,12.35,12.87,12.61,0.2977,0.5592,0.0142,-0.2073,0.3692,0.1375,2026-09-10T18:36:01.775728389Z,214,GOOGL261009P00330000,9.03,9.65,9.34,0.2892,GOOGL261023C00330000,2026-10-23,43,330.0,15.54,16.379,15.9595,0.3134
2026-09-10,AMZN,251.965,2026-10-09,29,250.0,0.9922,AMZN261009C00250000,10.01,10.49,10.25,0.313,0.5665,0.0177,-0.1644,0.2794,0.1053,2026-09-10T18:36:05.536975825Z,143,AMZN261009P00250000,7.32,7.52,7.42,0.3094,AMZN261023C00250000,2026-10-23,43,250.0,12.18,12.58,12.38,0.314
2026-09-10,META,646.6,2026-10-09,29,645.0,0.9975,META261009C00645000,30.02,30.05,30.035,0.3912,0.5405,0.0056,-0.5205,0.7231,0.2537,2026-09-10T18:36:05.246779618Z,7,META261009P00645000,25.49,27.24,26.365,0.3862,META261023C00645000,2026-10-23,43,645.0,36.42,37.27,36.845,0.3934
2026-09-10,NVDA,217.9,2026-10-09,29,220.0,1.0096,NVDA261009C00220000,7.56,7.88,7.72,0.3422,0.4924,0.019,-0.1548,0.245,0.0791,2026-09-10T18:36:07.506355835Z,1062,NVDA261009P00220000,8.84,8.96,8.9,0.3325,NVDA261023C00220000,2026-10-23,43,220.0,9.76,10.06,9.91,0.3495
2026-09-10,TSLA,365.62,2026-10-09,29,365.0,0.9983,TSLA261009C00365000,17.48,18.43,17.955,0.4178,0.5386,0.0092,-0.3131,0.4091,0.1422,2026-09-10T18:36:08.074445164Z,200,TSLA261009P00365000,16.04,16.18,16.11,0.4126,TSLA261023C00365000,2026-10-23,43,365.0,22.84,23.61,23.225,0.4438
2026-09-10,AMD,505.09,2026-10-09,29,505.0,0.9998,AMD261009C00505000,28.55,30.63,29.59,0.5081,0.5373,0.0055,-0.5202,0.5655,0.1921,2026-09-10T18:36:09.44993316Z,174,AMD261009P00505000,26.87,28.08,27.475,0.4988,AMD261023C00505000,2026-10-23,43,505.0,36.55,38.51,37.53,0.5276
2026-09-10,PLTR,166.05,2026-10-09,29,165.0,0.9937,PLTR261009C00165000,9.73,9.93,9.83,0.489,0.553,0.0173,-0.1644,0.185,0.0651,2026-09-10T18:36:05.824122367Z,112,PLTR261009P00165000,7.8,8.13,7.965,0.4673,PLTR261023C00165000,2026-10-23,43,165.0,11.78,12.34,12.06,0.4954
2026-09-10,COIN,172.23,2026-10-09,29,172.5,1.0016,COIN261009C00172500,12.09,13.2,12.645,0.6526,0.5376,0.0125,-0.2249,0.1926,0.0634,2026-09-10T18:36:10.978925732Z,20,COIN261009P00172500,11.63,13.07,12.35,0.6413,COIN261023C00172500,2026-10-23,43,172.5,15.06,15.79,15.425,0.6497
2026-09-10,MSTR,129.4,2026-10-09,29,129.0,0.9969,MSTR261009C00129000,10.36,11.14,10.75,0.7164,0.5515,0.0151,-0.1844,0.1443,0.0481,2026-09-10T18:36:10.840640845Z,21,MSTR261009P00129000,9.24,10.07,9.655,0.6921,MSTR261023C00129000,2026-10-23,43,129.0,12.34,14.59,13.465,0.7382
2026-09-10,SMCI,37.9,2026-10-09,29,38.0,1.0026,SMCI261009C00038000,2.89,3.05,2.97,0.6972,0.5396,0.0533,-0.0528,0.0424,0.0139,2026-09-10T18:36:00.255632747Z,3,SMCI261009P00038000,2.86,3.01,2.935,0.6908,SMCI261023C00038000,2026-10-23,43,38.0,3.56,3.84,3.7,0.7093
2026-09-10,JNJ,267.13,2026-10-09,29,265.0,0.992,JNJ261009C00265000,8.42,8.58,8.5,0.2317,0.5805,0.0224,-0.1326,0.2943,0.1165,2026-09-10T18:35:55.249857901Z,12,JNJ261009P00265000,5.23,5.81,5.52,0.2309,JNJ261023C00265000,2026-10-23,43,265.0,9.98,11.38,10.68,0.2451
2026-09-10,PG,143.26,2026-10-09,29,143.0,0.9982,PG261009C00143000,3.28,3.4,3.34,0.1861,0.5463,0.0527,-0.059,0.16,0.0595,2026-09-10T18:36:12.098284113Z,23,PG261009P00143000,2.63,3.12,2.875,0.1992,PG261023C00143000,2026-10-23,43,143.0,4.26,4.9,4.58,0.2109
2026-09-10,KO,88.16,2026-10-09,29,88.0,0.9982,KO261009C00088000,1.72,1.97,1.845,0.1627,0.5536,0.0977,-0.0324,0.0983,0.0373,2026-09-10T18:36:13.530586825Z,14,KO261009P00088000,1.85,1.95,1.9,0.2142,KO261023C00088000,2026-10-23,43,88.0,2.11,2.44,2.275,0.1638
2026-09-10,PEP,136.94,2026-10-09,29,137.0,1.0004,PEP261009C00137000,3.91,4.24,4.075,0.2537,0.5282,0.0406,-0.0742,0.1536,0.0542,2026-09-10T18:36:06.619721263Z,8,PEP261009P00137000,3.52,3.78,3.65,0.2483,PEP261023C00137000,2026-10-23,43,137.0,4.44,5.23,4.835,0.2437
2026-09-10,WMT,105.945,2026-10-09,29,106.0,1.0005,WMT261009C00106000,2.9,3.02,2.96,0.2371,0.5288,0.0562,-0.054,0.1188,0.0422,2026-09-10T18:36:15.716179593Z,25,WMT261009P00106000,2.38,2.85,2.615,0.2312,WMT261023C00106000,2026-10-23,43,106.0,3.42,3.85,3.635,0.236
2026-09-10,MCD,253.455,2026-10-09,29,255.0,1.0061,MCD261009C00255000,5.84,6.12,5.98,0.2209,0.4957,0.0253,-0.1209,0.2851,0.0951,2026-09-10T18:36:17.260659911Z,183,MCD261009P00255000,6.09,6.79,6.44,0.2138,MCD261023C00255000,2026-10-23,43,255.0,7.05,7.74,7.395,0.2171
2026-09-10,VZ,49.925,2026-10-09,29,50.0,1.0015,VZ261009C00050000,1.16,1.22,1.19,0.2041,0.5238,0.1386,-0.0223,0.0561,0.0198,2026-09-10T18:36:19.213646926Z,7,VZ261009P00050000,1.5,1.54,1.52,0.2784,VZ261023C00050000,2026-10-23,43,50.0,1.47,1.61,1.54,0.2136
2026-09-10,JPM,352.49,2026-10-09,29,350.0,0.9929,JPM261009C00350000,9.91,10.71,10.31,0.2114,0.5816,0.0186,-0.1615,0.3882,0.1548,2026-09-10T18:36:20.337227872Z,10,JPM261009P00350000,7.55,8.15,7.85,0.2429,JPM261023C00350000,2026-10-23,43,350.0,12.97,13.92,13.445,0.2339
2026-09-10,BAC,62.36,2026-10-09,29,62.0,0.9942,BAC261009C00062000,1.91,1.94,1.925,0.2335,0.5674,0.0958,-0.0313,0.0691,0.0266,2026-09-10T18:36:09.462425913Z,64,BAC261009P00062000,1.28,1.41,1.345,0.2308,BAC261023C00062000,2026-10-23,43,62.0,2.47,2.6,2.535,0.2584
2026-09-10,GS,1015.96,2026-10-09,29,1015.0,0.9991,GS261009C01015000,38.59,41.73,40.16,0.3302,0.5392,0.0042,-0.7,1.138,0.4038,2026-09-10T18:36:21.659488423Z,4,GS261009P01015000,31.31,35.9,33.605,0.3157,GS261023C01015000,2026-10-23,43,1015.0,49.69,54.85,52.27,0.3533
2026-09-10,XOM,165.42,2026-10-09,29,165.0,0.9975,XOM261009C00165000,5.86,6.03,5.945,0.2974,0.5409,0.0286,-0.1034,0.185,0.0663,2026-09-10T18:36:21.913140304Z,26,XOM261009P00165000,4.76,5.16,4.96,0.2895,XOM261023C00165000,2026-10-23,43,165.0,7.15,7.69,7.42,0.3044
2026-09-10,CVX,213.12,2026-10-09,29,215.0,1.0088,CVX261009C00215000,5.77,6.12,5.945,0.2729,0.4847,0.0243,-0.1226,0.2395,0.0773,2026-09-10T18:36:21.913397786Z,66,CVX261009P00215000,6.82,7.23,7.025,0.2653,CVX261023C00215000,2026-10-23,43,215.0,7.18,8.01,7.595,0.2757
2026-09-10,CAT,804.825,2026-10-09,29,805.0,1.0002,CAT261009C00805000,33.65,35.09,34.37,0.3679,0.5314,0.0048,-0.6127,0.9023,0.3125,2026-09-10T18:36:20.75896045Z,6,CAT261009P00805000,30.87,35.76,33.315,0.3811,CAT261023C00805000,2026-10-23,43,805.0,39.84,44.45,42.145,0.3677
2026-09-10,BA,205.735,2026-10-09,29,205.0,0.9964,BA261009C00205000,7.53,7.9,7.715,0.3057,0.5464,0.0224,-0.1318,0.2297,0.0832,2026-09-10T18:36:24.712624386Z,5,BA261009P00205000,6.28,6.62,6.45,0.3074,BA261023C00205000,2026-10-23,43,205.0,9.13,13.28,11.205,0.3705
2026-09-10,UNH,390.4,2026-10-09,29,390.0,0.999,UNH261009C00390000,12.85,13.71,13.28,0.285,0.5358,0.0127,-0.235,0.4372,0.1557,2026-09-10T18:36:18.223399271Z,4,UNH261009P00390000,13.18,13.7,13.44,0.3243,UNH261023C00390000,2026-10-23,43,390.0,17.77,18.79,18.28,0.3227
2026-09-10,COST,900.78,2026-10-09,29,900.0,0.9991,COST261009C00900000,26.93,27.71,27.32,0.2509,0.538,0.0062,-0.4833,1.0087,0.3635,2026-09-10T18:36:23.942500165Z,12,COST261009P00900000,23.42,24.42,23.92,0.255,COST261023C00900000,2026-10-23,43,900.0,32.08,33.23,32.655,0.2441
2026-09-10,LQD,104.445,2026-10-09,29,104.5,1.0005,LQD261009C00104500,0.69,0.9,0.795,0.0557,0.5674,0.2397,-0.0171,0.1158,0.0465,2026-09-10T18:35:47.685136376Z,61,LQD261009P00104500,0.84,1,0.92,0.0893,LQD261023C00104500,2026-10-23,43,104.5,0.94,1.07,1.005,0.0545
2026-09-10,HYG,78.64,2026-10-09,29,78.5,0.9982,HYG261009C00078500,0.48,0.63,0.555,0.0385,0.6693,0.4248,-0.0107,0.0803,0.0414,2026-09-10T18:36:13.403396784Z,1,HYG261009P00078500,0.4,0.58,0.49,0.0746,HYG261023C00078500,2026-10-23,43,78.5,0.47,0.78,0.625,0.0307
2026-09-10,FXI,34.365,2026-10-09,29,34.5,1.0039,FXI261009C00034500,0.69,0.82,0.755,0.2001,0.5035,0.2058,-0.015,0.0386,0.0131,2026-09-10T18:36:28.745632924Z,1,FXI261009P00034500,0.71,0.76,0.735,0.1853,FXI261023C00034500,2026-10-23,43,34.5,0.91,0.98,0.945,0.1996
2026-09-10,XLC,111.32,2026-10-09,29,111.5,1.0016,XLC261009C00111500,1.88,2.21,2.045,0.1567,0.5223,0.081,-0.0395,0.125,0.0446,2026-09-10T18:34:27.419010295Z,,XLC261009P00111500,1.88,2.33,2.105,0.1748,XLC261023C00111500,2026-10-23,43,111.5,1.97,3.64,2.805,0.1733
2026-09-10,XLRE,42.97,2026-10-16,36,43.0,1.0007,XLRE261016C00043000,0.62,0.72,0.67,0.1137,0.5367,0.2589,-0.0108,0.0536,0.0221,2026-09-10T18:36:25.557941581Z,6,XLRE261016P00043000,0.73,1.02,0.875,0.1732,,,,,,,,
2026-09-10,SMH,561.925,2026-10-09,29,562.5,1.001,SMH261009C00562500,21.97,23.2,22.585,0.3489,0.5278,0.0072,-0.4073,0.6304,0.2177,2026-09-10T18:36:26.168552936Z,2,SMH261009P00562500,19.15,21.58,20.365,0.3316,SMH261023C00562500,2026-10-23,43,562.5,27.41,29.35,28.38,0.3568
2026-09-10,XBI,156.67,2026-10-09,29,157.0,1.0021,XBI261009C00157000,4.94,6.18,5.56,0.3116,0.5218,0.0289,-0.1023,0.1759,0.0605,2026-09-10T18:36:22.099951354Z,,XBI261009P00157000,4.69,5.84,5.265,0.3032,XBI261023C00157000,2026-10-23,43,157.0,6.22,7.27,6.745,0.3061
2026-09-10,KRE,73.4,2026-10-09,29,73.5,1.0014,KRE261009C00073500,1.7,1.82,1.76,0.2043,0.5255,0.0942,-0.0328,0.0824,0.0293,2026-09-10T18:36:31.487544394Z,16,KRE261009P00073500,1.99,2.26,2.125,0.2666,KRE261023C00073500,2026-10-23,43,73.5,1.87,2.38,2.125,0.1988
2026-09-10,GDX,96.35,2026-10-09,29,96.0,0.9964,GDX261009C00096000,5.02,5.51,5.265,0.4584,0.5458,0.0318,-0.0899,0.1076,0.0376,2026-09-10T18:36:27.312921629Z,5,GDX261009P00096000,4.32,4.66,4.49,0.4444,GDX261023C00096500,2026-10-23,43,96.5,5.97,6.43,6.2,0.4609
2026-09-10,IBIT,43.615,2026-10-09,29,43.5,0.9974,IBIT261009C00043500,2.029,2.06,2.0445,0.3905,0.5439,0.0826,-0.0351,0.0488,0.0172,2026-09-10T18:36:35.266867039Z,157,IBIT261009P00043500,1.75,1.76,1.755,0.3853,IBIT261023C00043500,2026-10-23,43,43.5,2.49,2.51,2.5,0.3922
2026-09-10,XHB,96.45,2026-10-09,29,96.0,0.9953,XHB261009C00096000,3.25,4.63,3.94,0.3271,0.5536,0.0444,-0.0657,0.1075,0.0393,2026-09-10T18:35:51.989687673Z,,XHB261009P00096000,2.07,3.1,2.585,0.2741,XHB261023C00096500,2026-10-23,43,96.5,3.14,5.09,4.115,0.2958
2026-09-10,XOP,196.495,2026-10-09,29,196.0,0.9975,XOP261009C00196000,6.89,7.86,7.375,0.3117,0.5406,0.023,-0.1282,0.2197,0.0785,2026-09-10T18:36:36.408097031Z,4,XOP261009P00196000,6.7,7.58,7.14,0.3464,XOP261023C00196000,2026-10-23,43,196.0,8.77,9.69,9.23,0.32
2026-09-10,AVGO,362.47,2026-10-09,29,360.0,0.9932,AVGO261009C00360000,16.25,17.24,16.745,0.3677,0.5582,0.0105,-0.2747,0.4032,0.1475,2026-09-10T18:36:34.690431303Z,12,AVGO261009P00360000,12.88,13.81,13.345,0.3712,AVGO261023C00360000,2026-10-23,43,360.0,19.6,20.92,20.26,0.3681
2026-09-10,ORCL,155.24,2026-10-09,29,155.0,0.9985,ORCL261009C00155000,12.37,13.24,12.805,0.7196,0.5478,0.0126,-0.2223,0.1732,0.0574,2026-09-10T18:36:36.702894215Z,112,ORCL261009P00155000,12.08,12.36,12.22,0.7199,ORCL261023C00155000,2026-10-23,43,155.0,14.24,14.63,14.435,0.6633
2026-09-10,CRM,243.04,2026-10-09,29,245.0,1.0081,CRM261009C00245000,9.59,10.05,9.82,0.3801,0.503,0.0153,-0.1907,0.2733,0.0893,2026-09-10T18:36:37.941782405Z,11,CRM261009P00245000,11.37,12.33,11.85,0.4104,CRM261023C00245000,2026-10-23,43,245.0,11.67,12.8,12.235,0.3798
2026-09-10,ADBE,248.23,2026-10-09,29,250.0,1.0071,ADBE261009C00250000,14.73,15.15,14.94,0.5567,0.5187,0.0102,-0.2791,0.2786,0.0903,2026-09-10T18:36:39.903087338Z,135,ADBE261009P00250000,16,16.68,16.34,0.5627,ADBE261023C00250000,2026-10-23,43,250.0,16.82,18.27,17.545,0.5291
2026-09-10,INTC,101.21,2026-10-09,29,101.0,0.9979,INTC261009C00101000,7.12,7.28,7.2,0.6094,0.5473,0.0228,-0.1237,0.1131,0.0383,2026-09-10T18:36:40.895287961Z,52,INTC261009P00101000,6.55,6.93,6.74,0.6191,INTC261023C00101000,2026-10-23,43,101.0,9.59,10.08,9.835,0.6871
2026-09-10,MU,983.63,2026-10-09,29,985.0,1.0014,MU261009C00985000,68.75,74.02,71.385,0.6389,0.5397,0.0022,-1.2597,1.1008,0.3652,2026-09-10T18:36:41.141847723Z,47,MU261009P00985000,69.82,72.78,71.3,0.6537,MU261023C00985000,2026-10-23,43,985.0,81.84,88.17,85.005,0.6214
2026-09-10,QCOM,178.06,2026-10-09,29,180.0,1.0109,QCOM261009C00180000,8.57,8.85,8.71,0.4683,0.5022,0.017,-0.1699,0.2002,0.0641,2026-09-10T18:36:41.174083361Z,89,QCOM261009P00180000,9.72,10.53,10.125,0.4677,QCOM261023C00180000,2026-10-23,43,180.0,10.76,11.3,11.03,0.4749
2026-09-10,TSM,429.755,2026-10-09,29,430.0,1.0006,TSM261009C00430000,15.63,16.2,15.915,0.3196,0.528,0.0103,-0.2873,0.482,0.1676,2026-09-10T18:36:38.153098826Z,252,TSM261009P00430000,15.45,15.8,15.625,0.3339,TSM261023C00430000,2026-10-23,43,430.0,20.2,22.66,21.43,0.3513
2026-09-10,NFLX,75.98,2026-10-09,29,76.0,1.0003,NFLX261009C00076000,2.81,2.93,2.87,0.323,0.5312,0.0575,-0.0513,0.0852,0.0298,2026-09-10T18:36:44.007198104Z,52,NFLX261009P00076000,2.64,2.69,2.665,0.3255,NFLX261023C00076000,2026-10-23,43,76.0,4.4,4.85,4.625,0.4294
2026-09-10,CSCO,108.09,2026-10-09,29,108.0,0.9992,CSCO261009C00108000,3.42,3.94,3.68,0.2799,0.5415,0.0465,-0.0641,0.121,0.0436,2026-09-10T18:36:43.46536027Z,3,CSCO261009P00108000,3.21,3.67,3.44,0.3056,CSCO261023C00108000,2026-10-23,43,108.0,4.28,4.89,4.585,0.2859
2026-09-10,TXN,257.665,2026-10-09,29,260.0,1.0091,TXN261009C00260000,9.5,10.4,9.95,0.369,0.4973,0.0149,-0.1965,0.2897,0.0939,2026-09-10T18:36:45.815385608Z,2,TXN261009P00260000,11.04,11.77,11.405,0.3648,TXN261023C00260000,2026-10-23,43,260.0,13.72,16.09,14.905,0.4387
2026-09-10,MS,212.57,2026-10-09,29,215.0,1.0114,MS261009C00215000,6.06,6.68,6.37,0.2961,0.4824,0.0224,-0.1319,0.2391,0.0765,2026-09-10T18:36:41.660922827Z,14,MS261009P00215000,7.58,8.189,7.8845,0.2954,MS261023C00215000,2026-10-23,43,215.0,8.56,9.6,9.08,0.3313
2026-09-10,WFC,88.81,2026-10-09,29,89.0,1.0021,WFC261009C00089000,2.46,2.7,2.58,0.2522,0.522,0.0631,-0.0479,0.0998,0.0348,2026-09-10T18:36:46.618810793Z,12,WFC261009P00089000,2.41,2.51,2.46,0.2526,WFC261023C00089000,2026-10-23,43,89.0,3.44,3.97,3.705,0.2945
2026-09-10,C,137.62,2026-10-09,29,138.0,1.0028,C261009C00138000,4.22,4.88,4.55,0.2906,0.52,0.0353,-0.0844,0.1546,0.0533,2026-09-10T18:36:42.048584197Z,10,C261009P00138000,3.95,4.72,4.335,0.2835,C261023C00138000,2026-10-23,43,138.0,5.63,6.57,6.1,0.3159
2026-09-10,AXP,319.5,2026-10-09,29,320.0,1.0016,AXP261009C00320000,8.48,8.79,8.635,0.2322,0.5243,0.019,-0.1599,0.3588,0.1263,2026-09-10T18:36:49.563870318Z,6,AXP261009P00320000,8.48,8.95,8.715,0.2509,AXP261023C00320000,2026-10-23,43,320.0,12.09,13.63,12.86,0.2822
2026-09-10,SCHW,106.94,2026-10-09,29,107.0,1.0006,SCHW261009C00107000,3.03,3.4,3.215,0.2546,0.5303,0.0518,-0.0582,0.12,0.0425,2026-09-10T18:36:48.296444309Z,4,SCHW261009P00107000,2.56,3.12,2.84,0.249,SCHW261023C00107000,2026-10-23,43,107.0,4.13,4.54,4.335,0.2805
2026-09-10,LLY,1125.79,2026-10-09,29,1125.0,0.9993,LLY261009C01125000,41.64,44.8,43.22,0.3261,0.5338,0.0038,-0.7663,1.2613,0.443,2026-09-10T18:36:43.261164258Z,19,LLY261009P01125000,35.95,42.65,39.3,0.3267,LLY261023C01125000,2026-10-23,43,1125.0,49.15,57.39,53.27,0.328
2026-09-10,ABBV,253.39,2026-10-09,29,255.0,1.0064,ABBV261009C00255000,6.51,6.99,6.75,0.2509,0.4956,0.0223,-0.1354,0.2849,0.0944,2026-09-10T18:36:52.138829084Z,2,ABBV261009P00255000,7.38,7.98,7.68,0.2542,ABBV261023C00255000,2026-10-23,43,255.0,6.89,8.68,7.785,0.2308
2026-09-10,PFE,27.49,2026-10-09,29,27.5,1.0004,PFE261009C00027500,0.74,0.75,0.745,0.2321,0.5256,0.2215,-0.0137,0.0308,0.0109,2026-09-10T18:36:51.917793221Z,20,PFE261009P00027500,0.61,0.71,0.66,0.2229,PFE261023C00027500,2026-10-23,43,27.5,0.88,0.95,0.915,0.2306
2026-09-10,MRK,145.055,2026-10-09,29,145.0,0.9996,MRK261009C00145000,4,4.83,4.415,0.257,0.5318,0.0379,-0.0795,0.1626,0.0578,2026-09-10T18:36:54.331203189Z,14,MRK261009P00145000,4.62,4.97,4.795,0.3077,MRK261023C00145000,2026-10-23,43,145.0,5.27,6.01,5.64,0.2676
2026-09-10,TMO,600.96,2026-10-09,29,600.0,0.9984,TMO261009C00600000,18.91,22.88,20.895,0.2867,0.5412,0.0082,-0.3637,0.6725,0.2419,2026-09-10T18:36:54.614059639Z,4,TMO261009P00600000,16.74,19.7,18.22,0.2923,TMO261023C00600000,2026-10-23,43,600.0,25.68,35.04,30.36,0.3457
2026-09-10,HD,304.91,2026-10-09,29,305.0,1.0003,HD261009C00305000,8.83,9.59,9.21,0.2576,0.5285,0.018,-0.1674,0.342,0.1207,2026-09-10T18:36:54.312334107Z,6,HD261009P00305000,7.97,8.64,8.305,0.2538,HD261023C00305000,2026-10-23,43,305.0,11.07,12.39,11.73,0.2667
2026-09-10,NKE,36.75,2026-10-09,29,37.0,1.0068,NKE261009C00037000,1.94,1.98,1.96,0.4942,0.5146,0.0779,-0.0369,0.0413,0.0135,2026-09-10T18:36:55.135611205Z,118,NKE261009P00037000,1.99,2.08,2.035,0.4712,NKE261023C00037000,2026-10-23,43,37.0,2.16,2.28,2.22,0.4527
2026-09-10,TGT,156.545,2026-10-09,29,157.5,1.0061,TGT261009C00157500,4.68,4.94,4.81,0.2881,0.4992,0.0314,-0.0949,0.176,0.0582,2026-09-10T18:36:54.321769317Z,15,TGT261009P00157500,5.27,5.61,5.44,0.293,TGT261023C00157500,2026-10-23,43,157.5,5.87,6.43,6.15,0.2941
2026-09-10,LOW,195.95,2026-10-09,29,195.0,0.9952,LOW261009C00195000,6.74,7.24,6.99,0.2826,0.5547,0.0253,-0.1168,0.2183,0.0808,2026-09-10T18:36:57.84835601Z,2,LOW261009P00195000,5.12,5.36,5.24,0.272,LOW261023C00195000,2026-10-23,43,195.0,7.68,8.53,8.105,0.2685
2026-09-10,DIS,104.8,2026-10-09,29,105.0,1.0019,DIS261009C00105000,2.85,3.1,2.975,0.2474,0.5206,0.0545,-0.0555,0.1177,0.041,2026-09-10T18:36:57.193157328Z,6,DIS261009P00105000,2.71,2.85,2.78,0.2412,DIS261023C00105000,2026-10-23,43,105.0,3.57,4.1,3.835,0.258
2026-09-10,GE,322.97,2026-10-09,29,325.0,1.0063,GE261009C00325000,9.74,10.29,10.015,0.2909,0.4991,0.0151,-0.1976,0.3631,0.1201,2026-09-10T18:36:59.762490237Z,13,GE261009P00325000,11.57,12.33,11.95,0.3126,GE261023C00325000,2026-10-23,43,325.0,14.25,16.68,15.465,0.3572
2026-09-10,DE,675.55,2026-10-09,29,680.0,1.0066,DE261009C00680000,20.16,23.51,21.835,0.2996,0.5032,0.007,-0.4253,0.7602,0.2529,2026-09-10T18:37:01.295119568Z,1,DE261009P00680000,22.61,25.8,24.205,0.305,DE261023C00680000,2026-10-23,43,680.0,24.37,29.79,27.08,0.2977
2026-09-10,LMT,527.6,2026-10-09,29,530.0,1.0045,LMT261009C00530000,13.81,16.82,15.315,0.2682,0.503,0.01,-0.2997,0.5928,0.1985,2026-09-10T18:36:57.369997242Z,5,LMT261009P00530000,14.1,16.8,15.45,0.25,LMT261023C00530000,2026-10-23,43,530.0,20.4,24.82,22.61,0.3163
2026-09-10,UPS,99.8,2026-10-09,29,100.0,1.002,UPS261009C00100000,2.58,3.14,2.86,0.2507,0.5196,0.0565,-0.0535,0.1121,0.0389,2026-09-10T18:36:57.210470289Z,2,UPS261009P00100000,2.59,2.8,2.695,0.2446,UPS261023C00100000,2026-10-23,43,100.0,3.23,3.87,3.55,0.2512
2026-09-10,RTX,197.18,2026-10-09,29,195.0,0.9889,RTX261009C00195000,6.64,7.04,6.84,0.2415,0.5967,0.0288,-0.101,0.2152,0.0881,2026-09-10T18:36:59.941909785Z,13,RTX261009P00195000,3.77,4.19,3.98,0.2392,RTX261023C00195000,2026-10-23,43,195.0,8.82,10.29,9.555,0.2954
2026-09-10,COP,137.17,2026-10-09,29,137.0,0.9988,COP261009C00137000,4.92,5.54,5.23,0.3246,0.5331,0.0317,-0.0929,0.1536,0.0539,2026-09-10T18:37:01.697641959Z,2,COP261009P00137000,4.32,4.79,4.555,0.3111,COP261023C00137000,2026-10-23,43,137.0,5.3,7.02,6.16,0.3111
2026-09-10,SLB,56.015,2026-10-09,29,56.0,0.9997,SLB261009C00056000,2.32,2.43,2.375,0.3615,0.5344,0.0696,-0.042,0.0628,0.0219,2026-09-10T18:37:05.76568869Z,15,SLB261009P00056000,2.08,2.16,2.12,0.353,SLB261023C00056000,2026-10-23,43,56.0,2.72,3.12,2.92,0.363
2026-09-10,OXY,60.905,2026-10-09,29,61.0,1.0016,OXY261009C00061000,2.21,2.42,2.315,0.3347,0.5224,0.0694,-0.0425,0.0683,0.0234,2026-09-10T18:37:05.900484456Z,5,OXY261009P00061000,2.14,2.27,2.205,0.3261,OXY261023C00061000,2026-10-23,43,61.0,2.75,3.18,2.965,0.3479
2026-09-10,NEE,82.6,2026-10-09,29,83.0,1.0048,NEE261009C00083000,1.73,1.98,1.855,0.2077,0.499,0.0825,-0.0373,0.0929,0.0313,2026-09-10T18:37:07.197381212Z,1,NEE261009P00083000,1.84,1.97,1.905,0.1966,NEE261023C00083000,2026-10-23,43,83.0,2.31,2.72,2.515,0.2238
2026-09-10,DUK,119.8,2026-10-16,36,120.0,1.0017,DUK261016C00120000,2.33,2.9,2.615,0.1691,0.5205,0.0627,-0.0413,0.1498,0.0589,2026-09-10T18:36:55.127704639Z,7,DUK261016P00120000,2.13,2.62,2.375,0.1637,,,,,,,,
2026-09-10,T,25.57,2026-10-09,29,25.5,0.9973,T261009C00025500,0.7,0.77,0.735,0.2291,0.5493,0.2397,-0.0126,0.0285,0.0106,2026-09-10T18:37:06.919303879Z,21,T261009P00025500,0.68,0.76,0.72,0.2767,T261023C00025500,2026-10-23,43,25.5,0.9,1.02,0.96,0.2474
2026-09-10,CMCSA,25.215,2026-10-09,29,25.0,0.9915,CMCSA261009C00025000,0.93,0.99,0.96,0.2864,0.5727,0.1927,-0.0152,0.0279,0.0107,2026-09-10T18:37:02.024065624Z,34,CMCSA261009P00025000,0.82,0.93,0.875,0.3595,CMCSA261023C00025000,2026-10-23,43,25.0,1.05,1.21,1.13,0.2795
2026-09-10,RIVN,16.08,2026-10-09,29,16.0,0.995,RIVN261009C00016000,1.09,1.14,1.115,0.579,0.5541,0.1505,-0.0187,0.0179,0.0062,2026-09-10T18:37:10.407400082Z,13,RIVN261009P00016000,0.94,0.99,0.965,0.5753,RIVN261023C00016000,2026-10-23,43,16.0,1.27,1.42,1.345,0.5758
2026-09-10,SOFI,17.275,2026-10-09,29,17.5,1.013,SOFI261009C00017500,0.82,0.84,0.83,0.471,0.4948,0.174,-0.0166,0.0194,0.0061,2026-09-10T18:37:10.897540775Z,168,SOFI261009P00017500,0.98,1.02,1.0,0.4643,SOFI261023C00017500,2026-10-23,43,17.5,1.05,1.17,1.11,0.5005
2026-09-10,HOOD,113.8,2026-10-09,29,114.0,1.0018,HOOD261009C00114000,7.87,8.08,7.975,0.6126,0.5402,0.0202,-0.1401,0.1275,0.0426,2026-09-10T18:37:11.819285194Z,23,HOOD261009P00114000,7.51,8.06,7.785,0.6189,HOOD261023C00114000,2026-10-23,43,114.0,9.58,10.08,9.83,0.6177
2026-09-10,MARA,11.66,2026-10-09,29,11.5,0.9863,MARA261009C00011500,1.16,1.22,1.19,0.8382,0.5757,0.1421,-0.0192,0.0129,0.0044,2026-09-10T18:37:12.558594752Z,100,MARA261009P00011500,1.02,1.05,1.035,0.8725,MARA261023C00011500,2026-10-23,43,11.5,1.44,1.57,1.505,0.8845
2026-09-10,RBLX,44.65,2026-10-09,29,45.0,1.0078,RBLX261009C00045000,2.78,3.07,2.925,0.6042,0.5221,0.0524,-0.0543,0.0501,0.0162,2026-09-10T18:36:44.810810559Z,94,RBLX261009P00045000,3.11,3.32,3.215,0.6169,RBLX261023C00045000,2026-10-23,43,45.0,3.44,3.85,3.645,0.6094
2026-09-10,SNOW,329.55,2026-10-09,29,330.0,1.0014,SNOW261009C00330000,16.42,18.41,17.415,0.4481,0.5404,0.0095,-0.3023,0.3699,0.1281,2026-09-10T18:37:05.706460603Z,2,SNOW261009P00330000,15.86,16.35,16.105,0.4557,SNOW261023C00330000,2026-10-23,43,330.0,20.36,23.76,22.06,0.466
2026-09-10,CRWD,208.845,2026-10-09,29,210.0,1.0055,CRWD261009C00210000,12.03,12.17,12.1,0.523,0.5244,0.0129,-0.2215,0.2346,0.0775,2026-09-10T18:37:15.092902282Z,64,CRWD261009P00210000,12.23,13.17,12.7,0.5322,CRWD261023C00210000,2026-10-23,43,210.0,14.87,15.53,15.2,0.5332
