date,actual,rw,har,timesfm
2008-01-02,3.2482948774982,3.142858338444285,3.094300820264115,3.0931568145751953
2008-02-01,3.2386276060054433,3.1788868166518376,3.189324790181201,3.168302297592163
2008-03-04,3.278788602161134,3.239462458476589,3.2102144667042154,3.2041640281677246
2008-04-03,3.044522683367151,3.1445832202863455,3.1603582611575307,3.169647216796875
2008-05-02,2.9130995445071055,2.900322088749333,2.9416778311640637,2.9489078521728516
2008-06-03,3.1139080831652572,3.0076608444192647,2.9693468738668356,2.9815001487731934
2008-07-02,3.182322348043538,3.255014871484074,3.1883990692996633,3.167780637741089
2008-08-01,3.0274887720651193,3.1166215908294443,3.113911845200014,3.1084797382354736
2008-09-02,3.4143658926912543,3.09058780456667,3.0518906784875943,3.059582233428955
2008-10-01,4.118392840036268,3.684118137012226,3.5677037444181137,3.577457904815674
2008-10-30,4.13271324098808,4.141546163706395,4.084463781968902,4.115726947784424
2008-12-01,3.9336866182096526,4.226979720014808,4.112384791449918,4.1177568435668945
2008-12-31,3.796237007183967,3.6888794541139363,3.691950286397576,3.636223316192627
2009-02-02,3.832014367036639,3.8181517898180757,3.7460993479959193,3.781196117401123
2009-03-04,3.7763338022489172,3.861992071822581,3.8071366301878298,3.827784299850464
2009-04-02,3.6198406276742414,3.7386215460087504,3.7028973093528936,3.6877663135528564
2009-05-04,3.447184917055292,3.541828511401901,3.5264860245737886,3.474679946899414
2009-06-03,3.357631574307641,3.4346321577483927,3.4002399421307166,3.3871617317199707
2009-07-02,3.255812449737147,3.3304171996011083,3.2954214707800444,3.3033246994018555
2009-08-03,3.2380694301637436,3.241028629509334,3.223585059127437,3.2399277687072754
2009-09-01,3.2124213778334756,3.3724549127965013,3.300853954256833,3.318206310272217
2009-10-01,3.174976952010101,3.341801171705499,3.281263036872026,3.300062894821167
2009-10-30,3.1604009072556263,3.4239368686316447,3.3291767295024264,3.424147844314575
2009-12-01,3.0528662142704457,3.087399462079815,3.093036187398274,3.111020803451538
2009-12-31,3.0238879070643674,3.0763901765714454,3.047820192563301,3.0468170642852783
2010-02-02,3.0798253036116368,3.067122269640664,3.0711430545073584,3.0646743774414062
2010-03-04,2.8610742724586578,2.929592471049446,2.9532328844131905,2.931459426879883
2010-04-05,2.8746633352382163,2.834389123145228,2.848867884744266,2.8360257148742676
2010-05-04,3.479769845051189,3.171364842197149,3.0897128429715073,3.03007435798645
2010-06-03,3.3869768015931934,3.3830334110344844,3.3783700789040214,3.3574869632720947
2010-07-02,3.204324004989491,3.405189402931693,3.388281422298941,3.3700075149536133
2010-08-03,3.2135378916168897,3.119276459645446,3.1250941617371915,3.085150957107544
2010-09-01,3.110717471634495,3.173459961337718,3.179997743564913,3.160202741622925
2010-10-01,3.010872438716933,3.1135153092103742,3.1064731519308797,3.0978353023529053
2010-11-01,2.996133443370597,3.0832851705618523,3.056564967818159,3.0485944747924805
2010-12-01,2.8547265500909496,3.061520014091994,3.0491601514363715,3.002153158187866
2010-12-31,2.8505919220904072,2.8763855159214247,2.8764790347069193,2.846649169921875
2011-02-01,2.872608753126796,2.869601996409779,2.8761861061022,2.8399312496185303
2011-03-03,3.018090254236882,2.9231615807191558,2.9302442819143284,2.89494252204895
2011-04-01,2.7831335911590105,2.856470206220483,2.8892242651709403,2.852184772491455
2011-05-03,2.836734571632055,2.8154087194227095,2.802269497074689,2.7772552967071533
2011-06-02,2.945232923170621,2.895359299407204,2.872895011811644,2.858654499053955
2011-07-01,2.9789718299258032,2.7644305345383176,2.824288720015862,2.852512836456299
2011-08-02,3.573194401863569,3.210440346047099,3.1564964598445986,3.1206555366516113
2011-08-31,3.5935424731179815,3.453789831781326,3.4496759348382167,3.3537673950195312
2011-09-30,3.481427704589963,3.7602694502006093,3.669256788869067,3.6562747955322266
2011-10-31,3.461527817333216,3.3998631586490187,3.3660998585826016,3.3280155658721924
2011-11-30,3.215169221736996,3.3250360206965914,3.3464758693899253,3.3372950553894043
2011-12-30,3.000718635534083,3.152736022363656,3.1363410304327677,3.1049423217773438
2012-02-01,2.9054578102996915,2.920469789053444,2.936150975761091,2.9215123653411865
2012-03-02,2.77025961642749,2.850128299695199,2.870216609635816,2.8726966381073
2012-04-02,2.8777074294886913,2.7498317351171653,2.764544486588649,2.757017135620117
2012-05-02,3.070710738605147,2.826129489167811,2.835719061809411,2.8299782276153564
2012-06-01,3.0208481200755575,3.2831643147505627,3.2045165752299365,3.196333646774292
2012-07-02,2.8694364472541176,2.8213788864092133,2.8760072169088065,2.8640432357788086
2012-08-01,2.7347911673989964,2.942331496826876,2.9224830490841214,2.922497510910034
2012-08-30,2.733407383518283,2.8808824318750488,2.853396544284832,2.8620896339416504
2012-10-01,2.7874848776515,2.792391349535961,2.790193556196335,2.7710416316986084
2012-11-01,2.8123174753440714,2.8148097376737438,2.838403306018336,2.8014655113220215
2012-12-03,2.832954968442562,2.8118094353930627,2.8085612094963683,2.7765467166900635
2013-01-03,2.5961641107820155,2.67827804276854,2.760553559511151,2.7612569332122803
2013-02-04,2.6407005997741955,2.6858045921548905,2.681094580989501,2.652906894683838
2013-03-06,2.561047819188187,2.604909442182697,2.647103731650758,2.621992349624634
2013-04-05,2.6285555979352693,2.6333266549062735,2.642453723989848,2.5992629528045654
2013-05-06,2.631589930050804,2.5384474167160302,2.5907530681592412,2.5820536613464355
2013-06-05,2.8362500007676297,2.8622008809294686,2.820632854275623,2.7546372413635254
2013-07-05,2.589537543325933,2.7006898466959175,2.752656360608497,2.734849691390991
2013-08-05,2.681233941997667,2.4714836294558595,2.5357833736553754,2.5298073291778564
2013-09-04,2.692698021214144,2.7650604558189897,2.776006572072627,2.7238986492156982
2013-10-03,2.7053069868087647,2.871868286331605,2.837371775293235,2.789599895477295
2013-11-01,2.5674419616263697,2.5862591440482876,2.6299357960548932,2.6191961765289307
2013-12-03,2.6468808157927675,2.6775909936175015,2.667096059961938,2.6506428718566895
2014-01-03,2.681050257148498,2.6217658325051976,2.6432709439413484,2.626239776611328
2014-02-04,2.6930685660984053,2.950211758252182,2.908481681608072,2.7602806091308594
2014-03-06,2.6795558634431145,2.6539459421090092,2.6836943222968226,2.6480624675750732
2014-04-04,2.6490738215404472,2.6361960973342264,2.6551064704004204,2.6394686698913574
2014-05-06,2.499087163812215,2.624668592163159,2.6418943888761954,2.630038022994995
2014-06-05,2.429455826311982,2.457877977400081,2.4978709795005933,2.505530834197998
2014-07-07,2.5668554049760552,2.427454075039915,2.456209399683666,2.456766128540039
2014-08-05,2.5531544047321666,2.825536896557877,2.781240595512089,2.6959547996520996
2014-09-04,2.6300203659050325,2.5368663887187113,2.5607701603922717,2.550564765930176
2014-10-03,2.882620046659377,2.6775909936175015,2.7062172726360014,2.6425983905792236
2014-11-03,2.587869887046706,2.689886230474539,2.729061789314839,2.6823604106903076
2014-12-03,2.8161851908828113,2.523325759691945,2.569938373664111,2.566643238067627
2015-01-05,2.9415135352343014,2.991724252156452,2.9320738741300736,2.846116304397583
2015-02-04,2.711268341935819,2.9085390618516134,2.921149433314675,2.8384530544281006
2015-03-06,2.7053030383849848,2.7212954278522306,2.7195866499298655,2.697070598602295
2015-04-07,2.58546144375317,2.6932749155200555,2.71338148166576,2.6938910484313965
2015-05-06,2.597533960736147,2.7180005319553784,2.695267246770803,2.6522939205169678
2015-06-05,2.6871782141936955,2.6539459421090092,2.6643151022539033,2.628351926803589
2015-07-07,2.6058350144187568,2.7781979610042917,2.7833470367876645,2.719851493835449
2015-08-05,2.9917836369454256,2.5265283244788197,2.566859552191906,2.568451404571533
2015-09-03,3.149008990814077,3.242982900211434,3.1896038592624216,3.0739240646362305
2015-10-05,2.7654878421523814,2.972463646614637,3.02602104721667,2.9382221698760986
2015-11-03,2.792769302592597,2.6769034721053733,2.7108541794570415,2.7155423164367676
2015-12-03,2.9079663412062966,2.896464271895322,2.856730401860497,2.816807985305786
2016-01-05,3.157513439705435,2.9621754900251482,2.9389845809661255,2.8811686038970947
2016-02-04,3.0532393464234353,3.083743150876704,3.074225648058318,3.0162510871887207
2016-03-07,2.717442347995931,2.8535925063928684,2.8874114240332514,2.8854167461395264
2016-04-06,2.6758727381163743,2.645465325910589,2.679111668682274,2.6952455043792725
2016-05-05,2.6727382768075154,2.7669478423496954,2.7609468279880462,2.7447354793548584
2016-06-06,2.8850678570036266,2.613739521630969,2.6492591922580075,2.6477770805358887
2016-07-06,2.5486978070276325,2.7053799725463312,2.7536560651000617,2.734494686126709
2016-08-04,2.51236981467871,2.519308076505333,2.558761719583739,2.5668890476226807
2016-09-02,2.6515388093152827,2.4832385926873033,2.536674503673561,2.5324501991271973
2016-10-04,2.7073576280306346,2.612273245708441,2.6370197040404126,2.60972261428833
2016-11-02,2.67578333761106,2.961140828784372,2.89509198542024,2.7922751903533936
2016-12-02,2.508421451864839,2.647592232065096,2.6663727307435323,2.635559558868408
2017-01-04,2.4440539881104986,2.47232786758114,2.530793567565766,2.5395913124084473
2017-02-03,2.4449103226561015,2.395164274287139,2.455568711739407,2.4483842849731445
2017-03-07,2.4864760652504367,2.4379897300002487,2.477177575004468,2.468503952026367
2017-04-05,2.5216757534918806,2.556451816951096,2.5609959008263243,2.5250532627105713
2017-05-05,2.3711423343265943,2.3580197998821464,2.4251945475772594,2.4145195484161377
2017-06-06,2.374376844952621,2.34660197841082,2.3867133299296537,2.3705763816833496
2017-07-06,2.307459009146463,2.5289235352047745,2.514206823706414,2.43715238571167
2017-08-04,2.4953955549326774,2.305580601973844,2.3553820483424452,2.3340954780578613
2017-09-05,2.323620256500645,2.503891949699081,2.513206030511884,2.4152305126190186
2017-10-04,2.321427097430165,2.2648832258100344,2.321445892524087,2.294908046722412
2017-11-02,2.3643643166096817,2.295560478057081,2.346747875237015,2.3254246711730957
2017-12-04,2.3024105111349265,2.457877977400081,2.4616765098429214,2.3925833702087402
2018-01-04,2.506554158454811,2.2213750375685026,2.2974184719339212,2.2767081260681152
2018-02-05,3.0557487209835794,3.619529375979143,3.230211853280926,2.7086455821990967
2018-03-07,2.9549409763605556,2.876948737564024,2.926132464351176,2.722864866256714
2018-04-06,2.8226090975207607,3.067587710654419,3.0291152857948602,2.922116994857788
2018-05-07,2.601198258783407,2.691243082785829,2.73954525837314,2.6645662784576416
2018-06-06,2.6406093321789994,2.454447442303292,2.535110743909978,2.4945437908172607
2018-07-06,2.5311890293055024,2.5930133911138515,2.6452295242244457,2.5780436992645264
2018-08-06,2.5410369183907577,2.422144328051685,2.492002805142282,2.466052293777466
2018-09-05,2.543987654963683,2.6326080059353516,2.624717147687149,2.5668177604675293
2018-10-04,3.016982681583292,2.6546494243750947,2.629067087288881,2.548954486846924
2018-11-02,2.956810138276603,2.97092715463502,2.9862454719127367,2.894123077392578
2018-12-04,3.2137089909868255,3.032064202801381,2.98722129535059,2.9049363136291504
2019-01-07,2.8981596374232006,3.0633909220278057,3.0895657456095322,3.050978899002075
2019-02-06,2.7158159057843725,2.733067964077498,2.7829825013400846,2.75750470161438
2019-03-08,2.6331924066609727,2.775708849576025,2.768555021254693,2.7453227043151855
2019-04-08,2.609327418868657,2.578700529074361,2.6162091296639223,2.6153531074523926
2019-05-08,2.8262170888821827,2.9652730660692823,2.8631283051601977,2.790806770324707
2019-06-07,2.7004860640394632,2.791165107812717,2.8110940480089806,2.7476117610931396
2019-07-09,2.677048401227271,2.645465325910589,2.6665348013313777,2.6494624614715576
2019-08-07,2.9064623322760395,2.9699015135194693,2.912673414622274,2.8131563663482666
2019-09-06,2.766614732782,2.70805020110221,2.782767538070183,2.712446928024292
2019-10-07,2.6531298997452786,2.882563575448353,2.8675345517597965,2.8231663703918457
2019-11-05,2.5593868358559058,2.5726122302071057,2.6105467889286333,2.573650598526001
2019-12-05,2.5971292350541537,2.67552700939665,2.6708457059802218,2.605790376663208
2020-01-07,2.6579500968556036,2.6239436918052106,2.6379780511710718,2.6092424392700195
2020-02-06,3.1531844007635965,2.7053799725463312,2.726270137548368,2.6574840545654297
2020-03-09,4.0936991501668345,3.9974664872456134,3.697379084376272,3.421377658843994
2020-04-07,3.629096253398166,3.8437441646748516,3.8076516191609033,3.7077796459198
2020-05-07,3.3525024794685585,3.448080967561006,3.4413032181680108,3.3666000366210938
2020-06-08,3.45662399062864,3.2507620137305224,3.231797658813151,3.1768548488616943
2020-07-08,3.247664987418289,3.3350575791576103,3.3120217423944682,3.3188419342041016
2020-08-06,3.1709166438576273,3.120159851929043,3.1245025605993932,3.1138644218444824
2020-09-04,3.3089456236112786,3.4258899942525267,3.3311134587562856,3.2916371822357178
2020-10-06,3.4031656102473966,3.383712067321136,3.3195365036111184,3.360145092010498
2020-11-04,3.12946935147584,3.3867603338643857,3.3753661453164083,3.3455142974853516
2020-12-04,3.138649221023696,3.0344721018699214,3.037904154394383,3.0433263778686523
2021-01-06,3.191312438957526,3.221671912170202,3.1766613873253675,3.1826539039611816
2021-02-05,3.154861638979013,3.038312721089109,3.0699974978981306,3.0495107173919678
2021-03-09,2.9758358557535574,3.1793030497483774,3.1618102003981656,3.1543383598327637
2021-04-08,2.8684752473566126,2.830267833826459,2.8634497686635276,2.879714250564575
2021-05-07,2.9543174837196196,2.8148097376737438,2.8454910665908804,2.868831157684326
2021-06-08,2.815872988644343,2.837322536806349,2.858291120873785,2.8433499336242676
2021-07-08,2.8830333542556423,2.9444389791664403,2.8975835823943457,2.8632421493530273
2021-08-06,2.844429046666297,2.7819200496686656,2.822701449918875,2.8258585929870605
2021-09-07,3.0268411229052394,2.8981194446869907,2.876052956202478,2.878472089767456
2021-10-06,2.814568313835901,3.044522437723423,3.03479090811625,3.003511667251587
2021-11-04,3.0206308364468355,2.73696154459663,2.7685474480782375,2.773836135864258
2021-12-06,2.9572029491460508,3.3024814087229974,3.232597833115081,3.0993809700012207
2022-01-05,3.1569380773268625,2.982140320034524,2.95333890921298,2.894282817840576
2022-02-04,3.3338712338539462,3.1450139762697455,3.1231443193004402,3.048795461654663
2022-03-08,3.1606572952297434,3.559055466277736,3.452642524921032,3.432337522506714
2022-04-06,3.2595381891777557,3.095577608523707,3.0777923793725313,3.0396618843078613
2022-05-06,3.3422079786130987,3.4075107437187473,3.3331544538760642,3.262277603149414
2022-06-06,3.35270261950811,3.221671912170202,3.2135479666452893,3.1922574043273926
2022-07-05,3.191138249417333,3.315639493300509,3.2840834220108075,3.282135486602783
2022-08-03,3.0955786910458984,3.08876713952118,3.092828349782911,3.109787702560425
2022-09-01,3.306200206603691,3.241028629509334,3.1886777664144264,3.1982123851776123
2022-09-30,3.3987062777129657,3.453789831781326,3.3796962769402796,3.3841962814331055
2022-10-31,3.1509329465424516,3.2534704696327,3.2515472761153275,3.2640819549560547
2022-11-29,3.0771059555043547,3.0860299115347716,3.0752458769559303,3.114259958267212
2022-12-29,3.0073846265624455,3.0652583362026014,3.053881914906886,3.0730459690093994
2023-01-30,2.9978499956521656,2.9927277645336923,2.9812460835424353,2.9896669387817383
2023-02-28,3.0806812263498835,3.0301337002713233,3.0183334404093327,3.024001359939575
2023-03-29,2.883972260587392,2.9507349076232554,2.979079861650364,2.9689745903015137
2023-04-28,2.8678033778765455,2.7587433154177283,2.807396586742123,2.823002338409424
2023-05-29,2.6655733336139997,2.859912550411456,2.874217759888887,2.8598849773406982
2023-06-27,2.630507282418526,2.620311286794203,2.6527728485710527,2.6372311115264893
2023-07-26,2.761444622450301,2.579458966729223,2.6232470676636925,2.608938694000244
2023-08-24,2.6641350246774116,2.8449093838194073,2.833696906193948,2.8004302978515625
2023-09-22,2.906776376947606,2.8449093838194073,2.808278214418519,2.7670578956604004
2023-10-23,2.7670234654576364,3.0140632302387145,2.984318350993491,2.9444477558135986
2023-11-21,2.541373301381028,2.5915163848462583,2.6552367437811815,2.627119779586792
2023-12-20,2.581621181226361,2.6152036507358583,2.620100360258908,2.6133904457092285
2024-01-22,2.620857709313422,2.579458966729223,2.6170460712043213,2.5855751037597656
2024-02-20,2.6434908695722967,2.7356653681351832,2.7243368909519656,2.685896635055542
2024-03-20,2.726763118235464,2.5680215564985067,2.6217546669169964,2.598659038543701
2024-04-19,2.633498754549941,2.9290581402859983,2.8921366749620403,2.8209776878356934
2024-05-20,2.540603785460725,2.4973291697865574,2.5623722584208264,2.534921884536743
2024-06-18,2.5430795100930648,2.509599262378372,2.5506063487701565,2.537982940673828
2024-07-17,2.9543229404874363,2.6727683869575705,2.6596109526794365,2.593376636505127
2024-08-15,2.8450579048279057,2.7232671669070703,2.7979328545098414,2.6562907695770264
2024-09-13,2.901785172846818,2.8069901489571136,2.832256039940013,2.7649929523468018
2024-10-14,2.927719178491558,2.9806186357439426,2.966250960954216,2.9181065559387207
2024-11-12,2.6698531898080025,2.688527534613346,2.7528482893238446,2.713878631591797
2024-12-11,2.846943681273893,2.60859812213055,2.646889369742503,2.655167818069458
2025-01-13,2.78782206374874,2.9543893100196086,2.924137721691733,2.865943670272827
2025-02-11,2.9736697421377514,2.7738379416402132,2.788375115010062,2.7918550968170166
2025-03-12,3.2110125221019414,3.1875915348284343,3.1301674355648506,3.030196189880371
2025-04-10,3.271307978617406,3.7067193722422673,3.5570257829290304,3.2833194732666016
2025-05-12,2.9220671323645027,2.91180703861623,3.002297939196389,2.9205949306488037
2025-06-10,2.89397994546336,2.830267833826459,2.856291467344347,2.8512191772460938
2025-07-09,2.80529539448418,2.768831673362069,2.8102218348871895,2.8226375579833984
2025-08-07,2.7281252117812453,2.8075938314384716,2.825446875973924,2.832089424133301
2025-09-05,2.7633677832638632,2.719978771967484,2.7467227066583146,2.7468879222869873
2025-10-06,2.9049049182204887,2.7954503913830435,2.800299515458093,2.7904467582702637
2025-11-04,2.95903264013319,2.9444389791664403,2.9209694777832107,2.907687187194824
2025-12-03,2.725768528938941,2.77757626375082,2.8256483073597654,2.8243932723999023
2026-01-05,2.795156159230983,2.7013612129514133,2.7223735354854908,2.7343547344207764
2026-02-03,2.982826215461359,2.8903717578961645,2.866064260540437,2.8487794399261475
2026-03-04,3.253317601517692,3.0516399054922867,3.0223509417797616,2.9801204204559326
2026-04-02,2.948886863660602,3.1726224403507386,3.1749932508464913,3.1413097381591797
2026-05-04,2.8361691524486994,2.906354462402774,2.910672018070165,2.907036066055298
2026-06-02,2.887614920297947,2.758109400974947,2.786345569915714,2.786827325820923
2026-07-01,2.839792359164547,2.808800104202353,2.838186728682925,2.8516061305999756
2026-07-30,2.7258090055460946,2.8384934971274993,2.8566464898240955,2.852295398712158
